"","X","LIST.ID","EDCS.ID","EDH.ID","not_before","not_after","transcription","clean_text_interpretive_word","type_of_inscription_clean","type_of_inscription_auto","type_of_monument_clean","province","province_label_clean","place","findspot_ancient_clean","findspot_modern_clean","status_notation","Latitude","Longitude","count"
"1",1860,469846,"EDCS-08900515","HD005973",-30,14,"Marc(us) Octa[v]/ius [Mar]c(i) f(ilius) V/[---]nus","Marcus Octavius Marci filius V nus","epitaph","epitaph","stele","Dalmatia","Dalmatia","Nadin / Nedinum","Nedinum","Benkovac","viri",44.0721,15.5095,1
"2",1105,469063,"EDCS-30101161","HD045055",21,30,"Q(uintus) Valerius / Q(uinti) f(ilius) Qui(rina) dom(o) / Icon(io) vet(eranus) leg(ionis) / VII an(norum) LV stip(endiorum) / XXVIII h(ic) s(itus) e(st) / Q(uintus) Portorius et Q(uintus) Va/lerius Anteros posuer(unt)","Quintus Valerius Quinti filius Quirina domo Iconio veteranus legionis VII annorum LV stipendiorum XXVIII hic situs est Quintus Portorius et Quintus Valerius Anteros posuerunt","epitaph","epitaph","stele","Dalmatia","Dalmatia","Hardomilje / Bigeste","Bigeste","Ljubuški","milites, praenomen et nomen, tria nomina, viri",43.1818,17.5271,1
"3",78,468002,"EDCS-20601175","HD004491",14,37,"------](?) / L(ucius) Luc[---](?) / C(ai) f(ilius) Prim[us] / vete(ranus) leg(ionis) / XV Apolli/naris / h(ic) s(itus) e(st) // t(estamento) f(ieri) i(ussit)","Lucius Luc Cai filius Primus veteranus legionis XV Apollinaris hic situs est testamento fieri iussit","epitaph","epitaph","stele","Dalmatia","Dalmatia","Bigeste","Bigeste","Ljubuški","milites, tria nomina, viri",43.1818,17.5271,1
"4",799,468751,"EDCS-28300036","HD058819",1,41,"Cn(aeus) Domiti/us Cn(aei) f(ilius) Vel(ina) / Pessinunte / an(norum) XLIV stip(endiorum) / XXV veteran(us) / [ex leg(ione) VII h(ic) s(itus) e(st)] / [testam]en[to] / [fieri] iussit","Cnaeus Domitius Cnaei filius Velina Pessinunte annorum XLIV stipendiorum XXV veteranus ex legione VII hic situs est testamento fieri iussit","epitaph","epitaph","stele","Dalmatia","Dalmatia","Gardun / Tilurium","Tilurium","Trilj","milites, tria nomina, viri",43.6139,16.689,1
"5",6224,474671,"EDCS-10100892","HD034294",1,41,"C(aius) Iulius C(ai) f(ilius) / Fab(ia) Ninica / mil(es) leg(ionis) VII / an(norum) XXXIX stip(endiorum) / XVII h(ic) s(itus) e(st) / hospes resis[te et] tumulum / contempla meum lege et / moraris iam scies quae / debeas vixi qua potui ca/rus sum Opiorum hic su/m sepultus hic ossua(!) re/quiescum(!) mea vale et / bene facito vitae dum fa/tum venit / Faustus l(ibertus) patrono","Caius Iulius Cai filius Fabia Ninica miles legionis VII annorum XXXIX stipendiorum XVII hic situs est hospes resiste et tumulum contempla meum lege et moraris iam scies quae debeas vixi qua potui carus sum Opiorum hic sum sepultus hic ossua requiescum mea vale et bene facito vitae dum fatum venit Faustus libertus patrono","epitaph","epitaph","stele","Dalmatia","Dalmatia","Trilj / Tilurium","Tilurium","Trilj","liberti/libertae, milites, nomen singulare, tria nomina, viri",43.6139,16.689,1
"6",6230,474677,"EDCS-03300743","HD040156",1,41,"L(ucius) Attius L(uci) f(ilius) Sergi(a) / Augusta / an(norum) XXX st(ipendiorum) VIII / mil(es) leg(ionis) VII / h(ic) s(itus) es(t)","Lucius Attius Luci filius Sergia Augusta annorum XXX stipendiorum VIII miles legionis VII hic situs est","epitaph","epitaph","stele","Dalmatia","Dalmatia","Trilj / Tilurium","Tilurium","Trilj","milites, praenomen et nomen, viri",43.6139,16.689,1
"7",6391,474843,"EDCS-26600673","HD051071",1,41,"M(arcus) Heredius M(arci) f(ilius) Pal(atina) / veteranus leg(ionis) VII / h(ic) s(itus) est fecit / Faustus l(ibertus)","Marcus Heredius Marci filius Palatina veteranus legionis VII hic situs est fecit Faustus libertus","epitaph","epitaph","stele","Dalmatia","Dalmatia","Vid / Narona","Narona","Metković","liberti/libertae, milites, nomen singulare, praenomen et nomen, viri",43.0801,17.625,1
"8",6621,475080,"EDCS-14800171","HD039866",1,41,"L(ucius) Ancharenus Q(uinti) f(ilius) / Ser(gia) Laranda mil(es) / leg(ionis) VII ann(orum) XL stip(endiorum) XXI / h(ic) s(itus) e(st) / Q(uintus) Ancharenus haec tan[---?] / posuit tibi dona frater quia / longe a patria te cecidisse dolet / optaram vivo potius dare vi[na] / [---] non obito care ferenda / tuo si quicquam sentire potes / [---]mpore nostro damus haec / o[---] sit tibi terra levis frater / fratri posuit","Lucius Ancharenus Quinti filius Sergia Laranda miles legionis VII annorum XL stipendiorum XXI hic situs est Quintus Ancharenus haec tan posuit tibi dona frater quia longe a patria te cecidisse dolet optaram vivo potius dare vina non obito care ferenda tuo si quicquam sentire potes mpore nostro damus haec o sit tibi terra levis frater fratri posuit","epitaph","epitaph","stele","Dalmatia","Dalmatia","Vojnic Sinjski / Tilurium","Tilurium","Trilj","milites, praenomen et nomen, tria nomina, viri",43.6139,16.689,1
"9",288,468218,"EDCS-30200434","HD031512",1,42,"M(arcus) Domitius / M(arci) f(ilius) Fabia Sev/erus Brixsia(!) / miles leg(ionis) XI / ann(orum) XXX / stip(endiorum) VIII h(ic) s(itus) e(st) / heres posuit","Marcus Domitius Marci filius Fabia Severus Brixsia miles legionis XI annorum XXX stipendiorum VIII hic situs est heres posuit","epitaph","epitaph","stele","Dalmatia","Dalmatia","Burnum","Burnum","Kistanje","milites, tria nomina, viri",44.0317,15.9936,1
"10",822,468774,"EDCS-30100406","HD054439",1,42,"C(aius) Longin(i)us C(ai) f(ilius) / Cor(nelia) Amblada / mil(es) leg(ionis) VII an(norum) XL / stip(endiorum) XXI h(ic) s(itus) e(st) / frater fratri","Caius Longinius Cai filius Cornelia Amblada miles legionis VII annorum XL stipendiorum XXI hic situs est frater fratri","epitaph","epitaph","stele","Dalmatia","Dalmatia","Gardun / Tilurium","Tilurium","Trilj","milites, praenomen et nomen, viri",43.6139,16.689,1
"11",1089,469047,"EDCS-10100864","HD034239",1,42,"M(arcus) Livius M(arci) f(ilius) Pal(atina) dom(o) Aloro veteranus leg(ionis) VII an(norum) L stip(endiorum) XXVI h(ic) s(itus) e(st) t(estamento) f(ieri) i(ussit)","Marcus Livius Marci filius Palatina domo Aloro veteranus legionis VII annorum L stipendiorum XXVI hic situs est testamento fieri iussit","epitaph","epitaph","stele","Dalmatia","Dalmatia","Hardomilje / Bigeste","Bigeste","Ljubuški","milites, tria nomina, viri",43.1818,17.5271,1
"12",1090,469048,"EDCS-10100865","HD034241",1,42,"T(itus) Varius T(iti) f(ilius) / Vel(ina) domo / Pessinunte / vet(eranus) leg(ionis) VII / an(norum) L sti(pendiorum) XXIX / h(ic) s(itus) e(st) her(es) pos(uit)","Titus Varius Titi filius Velina domo Pessinunte veteranus legionis VII annorum L stipendiorum XXIX hic situs est heres posuit","epitaph","epitaph","stele","Dalmatia","Dalmatia","Hardomilje / Bigeste","Bigeste","Ljubuški","praenomen et nomen, viri",43.1818,17.5271,1
"13",6231,474678,"EDCS-03300744","HD040157",1,42,"L(ucius) Mummius L(uci) / f(ilius) Fab(ia) Ancyra / miles leg(ionis) VII / ann(orum) XXXVI / stipend(iorum) XVI / h(ic) s(itus) e(st) // Arma bis octonis felicia qui tulit annis / hic situs est fato Mummius ipse suo / si sapiunt obiti data munera percipis am(pla) / et recipis nostrae pignus amicitiae / hoc tibi cum titulo posuit Cornelius Chrestus / et dixit lachrymans(!) sit tibi ter(r)a levis // M(arcus) Cornelius M(arci) l(ibertus) / Chrestus pos(u)it","Lucius Mummius Luci filius Fabia Ancyra miles legionis VII annorum XXXVI stipendiorum XVI hic situs est Arma bis octonis felicia qui tulit annis hic situs est fato Mummius ipse suo si sapiunt obiti data munera percipis ampla et recipis nostrae pignus amicitiae hoc tibi cum titulo posuit Cornelius Chrestus et dixit lachrymans sit tibi terra levis Marcus Cornelius Marci libertus Chrestus posuit","epitaph","epitaph","stele","Dalmatia","Dalmatia","Trilj / Tilurium","Tilurium","Trilj","liberti/libertae, milites, nomen singulare, praenomen et nomen, tria nomina, viri",43.6139,16.689,1
"14",845,468797,"EDCS-16900021","HD028177",9,42,"Q(uintus) Marcius / Q(uinti) f(ilius) Cor(nelia) Bassus / dom(o) Benevento / mil(es) leg(ionis) VII an(norum) / [---] stip(endiorum) XVII / [h(ic) s(itus)] e(st) t(estamento) f(ieri) i(ussit) / [ex arb]itratu / [M]aximi","Quintus Marcius Quinti filius Cornelia Bassus domo Benevento miles legionis VII annorum stipendiorum XVII hic situs est testamento fieri iussit ex arbitratu Maximi","epitaph","epitaph","stele","Dalmatia","Dalmatia","Gardun / Tilurium","Tilurium","Trilj","milites, nomen singulare, tria nomina, viri",43.6139,16.689,1
"15",290,468220,"EDCS-30200435","HD035403",1,50,"Remmo / Saeconis / f(ilius) mil(es) coh(ortis) I(?) / Mo[nt(anorum)] ann(orum) / [------","Remmo Saeconis filius miles cohortis I Montanorum annorum","epitaph","epitaph","stele","Dalmatia","Dalmatia","Burnum","Burnum","Kistanje","milites, nomen singulare, viri",44.0317,15.9936,1
"16",1112,469070,"EDCS-51400004","HD065033",1,50,"L(ucius) Vettius M(arci) [f(ilius)] / Maec(ia) Secun[dus] / Libarn[a] vet(eranus) le[g(ionis)] / VII vivus [f]ecit s[ibi] / et Vettiae L(uci) f(iliae) Ver[ae] / et Vettiae L(uci) l(ibertae) S[---]","Lucius Vettius Marci filius Maecia Secundus Libarna veteranus legionis VII vivus fecit sibi et Vettiae Luci filiae Verae et Vettiae Luci libertae S","epitaph","epitaph","stele","Dalmatia","Dalmatia","Hrvace","Aequum","Hrvace","liberti/libertae, milites, mulieres, tria nomina, viri",43.7423,16.6547,1
"17",1231,469195,"EDCS-10000854","HD034391",1,50,"Heras Ennom/ai f(ilius) mil(es) c(oh)or(tis) II / Cyrr(hestarum) do(mo) Cyr(rh)o / ann(orum) L sti(pendiorum) XXII h(ic) s(itus) e(st) / [---]raeus Ab/emmi f(ilius) (h)er(es) pos(uit)","Heras Ennomai filius miles cohortis II Cyrrhestarum domo Cyrrho annorum L stipendiorum XXII hic situs est raeus Abemmi filius heres posuit","epitaph","epitaph","stele","Dalmatia","Dalmatia","Ivosevci / Burnum","Burnum","Kistanje","milites, nomen singulare, viri",44.0317,15.9936,1
"18",1236,469200,"EDCS-10000859","HD034394",1,50,"C(aius) Virius C(ai) l(ibertus) / Vitalis annor(um) / VI h(ic) s(itus) e(st) / C(aius) Virius et Neuma / mater posuere","Caius Virius Cai libertus Vitalis annorum VI hic situs est Caius Virius et Neuma mater posuere","epitaph","epitaph","stele","Dalmatia","Dalmatia","Ivosevci / Burnum","Burnum","Kistanje","liberti/libertae, mulieres, nomen singulare, praenomen et nomen, tria nomina, viri",44.0317,15.9936,1
"19",1251,469215,"EDCS-10101845","HD025912",1,50,"Dacnas / Apsaei f(ilius) / mil(es) coh(ortis) II / Cyrrhestaru(m) / dom(o) Berea / ann(orum) L stip(endiorum) XXIV / h(ic) s(itus) e(st)","Dacnas Apsaei filius miles cohortis II Cyrrhestarum domo Berea annorum L stipendiorum XXIV hic situs est","epitaph","epitaph","stele","Dalmatia","Dalmatia","Ivosevci / Burnum","Burnum","Kistanje","milites, nomen singulare, viri",44.0317,15.9936,1
"20",2509,470511,"EDCS-57100061","HD034023",1,50,"Verzo / BB[--]A(?)I / nepos(?)","Verzo BB AI nepos","epitaph","epitaph","stele","Dalmatia","Dalmatia","Ruduse / Rudusa","Aequum","Sinj","viri",43.7423,16.6547,1
"21",2603,470606,"EDCS-07400600","HD004506",1,50,"Paio Totius / Implant(i?) / filia Cuio","Paio Totius Implanti filia Cuio","epitaph","epitaph","stele","Dalmatia","Dalmatia","Sinj / Osinium","Aequum","Sinj","mulieres, nomen singulare, tria nomina, viri",43.7423,16.6547,1
"22",2604,470607,"EDCS-07400601","HD004089",1,50,"Daico Samuio Versoni(s) / filia an(n)orum III","Daico Samuio Versonis filia annorum III","epitaph","epitaph","stele","Dalmatia","Dalmatia","Sinj / Osinium","Aequum","Sinj","mulieres, nomen singulare, tria nomina, viri",43.7423,16.6547,1
"23",6223,474670,"EDCS-10100891","HD034293",1,50,"L(ucius) Fabius C(ai) f(ilius) / Serg(ia) Conana / ann(orum) XX[---] / h(ic) s(itus) [e(st)] / C(aius) Fabius pa[ter] / filio posuit","Lucius Fabius Cai filius Sergia Conana annorum XX hic situs est Caius Fabius pater filio posuit","epitaph","epitaph","stele","Dalmatia","Dalmatia","Trilj / Tilurium","Tilurium","Trilj","praenomen et nomen, tria nomina, viri",43.6139,16.689,1
"24",6340,474792,"EDCS-08900511","HD004165",1,50,"Pusil(l)a A/l(l)ia S(puri) f(ilia) / s(ita)","Pusilla Allia Spuri filia sita","epitaph","epitaph","stele","Dalmatia","Dalmatia","Vid / Narona","Narona","Metković","mulieres, tria nomina",43.0801,17.625,1
"25",6408,474860,"EDCS-26600678","HD051068",1,50,"C(aius) Catellius / C(ai) l(ibertus) Stab(i)l(i)[s] / C(aius) Catellius / C(ai) l(ibertus) Licinus / IIIIIIvir(i?) / t(estamento) f(ieri) i(usserunt)","Caius Catellius Cai libertus Stabilis Caius Catellius Cai libertus Licinus IIIIII viri testamento fieri iusserunt","epitaph","epitaph","stele","Dalmatia","Dalmatia","Vid / Narona","Narona","Metković","liberti/libertae, seviri Augustales, tria nomina, viri",43.0801,17.625,1
"26",6432,474884,"EDCS-26600640","HD050364",1,50,"[[------]] / C(ai) l(iberta) Fortu[nata] / an(norum) h(ic) s(ita) e(st) XIIX / si pietas prodest / &lt;c=Q&gt;uiquam vixisse / modeste vos precor / o Mane[s sit] mihi / terra lev[i]s / libertas [cui] olim fuerat / promissa e[s]t ante ditis sub / fatum venit [i]n arbitrium / vivite felices quibu[s] // est Fortuna superste[s] / spenque(!) meam oppress[i]t / fatus in Hiluricum(!) ","Cai liberta Fortunata annorum hic sita est XIIX si pietas prodest lt c gt uiquam vixisse modeste vos precor o Manes sit mihi terra levis libertas cui olim fuerat promissa est ante ditis sub fatum venit in arbitrium vivite felices quibus est Fortuna superstes spen que meam oppressit fatus in Hiluricum","epitaph","epitaph","stele","Dalmatia","Dalmatia","Vid / Narona","Narona","Metković","liberti/libertae, mulieres, tria nomina",43.0801,17.625,1
"27",6851,475312,"EDCS-10000900","HD018007",1,50,"Stieu Barn/ainu f(ilius) domo / Ber(o)ea annor(um) / XXX miles / coh(ortis) II Crest/ar(um) stipen[dio]/[rum ------","Stieu Barnainu filius domo Beroea annorum XXX miles cohortis II Crestarum stipendiorum","epitaph","epitaph","stele","Dalmatia","Dalmatia","Zadar / Iader","Iader","Zadar","milites, nomen singulare, viri",44.115501,15.223778,1
"28",1984,469971,"EDCS-10000942","HD016240",1,51,"------] / [---]xsa(!) Frontonis(?) / [f(ilia) quae] veixit(!) annos XXVIII / [---?] heic(!) sita est","xsa Frontonis filia quae veixit annos XXVIII heic sita est","epitaph","epitaph","stele","Dalmatia","Dalmatia","Novalja","Cissa","Novalja","mulieres, viri",44.546,14.914,1
"29",798,468750,"EDCS-28300035","HD058869",9,56,"T(itus) Ancharenus / T(iti) f(ilius) Ser(gia) / dom(o) Laranda / mil(es) leg(ionis) VII an(norum) / XLV stip(endiorum) XXIII / h(ic) s(itus) e(st)","Titus Ancharenus Titi filius Sergia domo Laranda miles legionis VII annorum XLV stipendiorum XXIII hic situs est","epitaph","epitaph","stele","Dalmatia","Dalmatia","Gardun / Tilurium","Tilurium","Trilj","milites, praenomen et nomen, viri",43.6139,16.689,1
"30",819,468771,"EDCS-30100403","HD058840",9,56,"Q(uintus) Baebius Q(uinti) f(ilius) Serg(ia) Conan(is) / miles leg(ionis) VII ann(orum) XXXXV / stip(endiorum) XX h(ic) s(itus) e(st) / quamvis la[ss]e viator rogo ne graveris et / tumulum contempla meum lege et moraris iam / aliquid resciveris dum vi[x]i [hil]aris iucundus amicis / [nu]nc to[rpen]s iaceo hic o[ssa req]u[ies]cunt mea natus / sum C&lt;o=A&gt;n&lt;a=O&gt;nis conditu(s) [i]n Ill&lt;y=V&gt;rico vale et bene / facito vitae dum fatum venit / frater fratri ","Quintus Baebius Quinti filius Sergia Conanis miles legionis VII annorum XXXXV stipendiorum XX hic situs est quamvis lasse viator rogo ne graveris et tumulum contempla meum lege et moraris iam aliquid resciveris dum vixi hilaris iucundus amicis nunc torpens iaceo hic ossa requiescunt mea natus sum C lt o gt n lt a gt nis conditus in Ill lt y gt rico vale et bene facito vitae dum fatum venit frater fratri","epitaph","epitaph","stele","Dalmatia","Dalmatia","Gardun / Tilurium","Tilurium","Trilj","milites, tria nomina, viri",43.6139,16.689,1
"31",820,468772,"EDCS-30100404","HD058787",9,56,"L(ucius) Cornelius L(uci) f(ilius) / Fab(ia) Heraclea / mil(es) leg(ionis) VII ann(orum) / XXXIII stip(endiorum) XI t(estamento) f(ieri) i(ussit) / Secundus h(eres) p(osuit) / h(ic) s(itus) e(st)","Lucius Cornelius Luci filius Fabia Heraclea miles legionis VII annorum XXXIII stipendiorum XI testamento fieri iussit Secundus heres posuit hic situs est","epitaph","epitaph","stele","Dalmatia","Dalmatia","Gardun / Tilurium","Tilurium","Trilj","milites, nomen singulare, praenomen et nomen, viri",43.6139,16.689,1
"32",1216,469180,"EDCS-31200486","HD028171",9,69,"P(ublius) Gosseli/us Q(uinti) f(ilius) An(i)e(nsis) / Cre(mona) mil(es) leg(ionis) / XI sig(nifer) an(n)or(um) / XL st(ipendiorum) XIIII / h(ic) s(itus) e(st)","Publius Gosselius Quinti filius Aniensis Cremona miles legionis XI signifer annorum XL stipendiorum XIIII hic situs est","epitaph","epitaph","stele","Dalmatia","Dalmatia","Ivosevci / Burnum","Burnum","Kistanje","milites, praenomen et nomen, viri",44.0317,15.9936,1
"33",1464,469437,"EDCS-32300039","HD028011",9,69,"Q(uintus) Gavius / Q(uinti) f(ilius) Arn(ensis) / Optatus / dom(o) Brixel(lo) / mil(es) leg(ionis) XI / an(norum) XXXIII / stip(endiorum) XIII h(ic) s(itus) e(st)","Quintus Gavius Quinti filius Arnensis Optatus domo Brixello miles legionis XI annorum XXXIII stipendiorum XIII hic situs est","epitaph","epitaph","stele","Dalmatia","Dalmatia","Knin / Burnum","Burnum","Kistanje","milites, tria nomina, viri",44.0317,15.9936,1
"34",293,468223,"EDCS-31200490","HD058298",42,69,"------] / L(?)[---] / Men(enia) V[---] / Feltr(ia) mil(es) / leg(ionis) XI C(laudiae) p(iae) f(idelis) / stip(endiorum) XVI / her(es) posu(it)","L Menenia V Feltria miles legionis XI Claudiae piae fidelis stipendiorum XVI heres posuit","epitaph","epitaph","stele","Dalmatia","Dalmatia","Burnum","Burnum","Kistanje","milites, tria nomina, viri",44.0317,15.9936,1
"35",1159,469122,"EDCS-41300187","HD039871",42,69,"L(ucius) Tertius L(uci)(?) f(ilius) / Ser(gia) Tertianus / Heraclea &lt;mil=NV&gt;(es) / leg(ionis) XI C(laudiae) [p(iae)] f(idelis) / ann(orum) XL / [stip(endiorum)] XVII / t(estamento) f(ieri) i(ussit) / L(ucius) Ponponius(!) / Pol(l)io h(eres) p(onendum) c(uravit) ","Lucius Tertius Luci filius Sergia Tertianus Heraclea lt milV gt es legionis XI Claudiae piae fidelis annorum XL stipendiorum XVII testamento fieri iussit Lucius Ponponius Pollio heres ponendum curavit","epitaph","epitaph","stele","Dalmatia","Dalmatia","Ivosevci / Burnum","Burnum","Kistanje","milites, tria nomina, viri",44.0317,15.9936,1
"36",1212,469176,"EDCS-32700572","HD055081",42,69,"C(aius) Coccius / C(ai) f(ilius) Vetur(ia) / [T]ertius Plac(entia) / mil(es) leg(ionis) XI C(laudiae) p(iae) f(idelis) / stip(endiorum) XII |(centuria) Caecil(i) / Sabini benef(iciarius) / tribuni / [h(eres)] f(aciendum) c(uravit)","Caius Coccius Cai filius Veturia Tertius Placentia miles legionis XI Claudiae piae fidelis stipendiorum XII centuria Caecili Sabini beneficiarius tribuni heres faciendum curavit","epitaph","epitaph","stele","Dalmatia","Dalmatia","Ivosevci / Burnum","Burnum","Kistanje","milites, tria nomina, viri",44.0317,15.9936,1
"37",1213,469177,"EDCS-32700573","HD061350",42,69,"------] / XIII[---] / Q(uinto) Com[inio? - f(ilio)] / Ani(ensi) Cre[mona] / mil(iti) leg(ionis) XI [Cl(audiae) p(iae) f(idelis) ann(orum)] / XXIIX stip(endiorum) [---] / h(ic) s(iti) s(unt) fr(ater) f[ac(iendum)? cur(avit)?]","XIII Quinto Cominio filio Aniensi Cremona militi legionis XI Claudiae piae fidelis annorum XXIIX stipendiorum hic siti sunt frater faciendum curavit","epitaph","epitaph","stele","Dalmatia","Dalmatia","Ivosevci / Burnum","Burnum","Kistanje","milites, viri",44.0317,15.9936,1
"38",1214,469178,"EDCS-32700574","HD061352",42,69,"C(aius) Fabricius C(ai) f(ilius) Ouf(entia) Pri/mus Como miles / leg(ionis) XI C(laudiae) p(iae) f(idelis) |(centuria) Gemini / Flavi stip(endiorum) XX / ann(orum) XXXVIII testame(nto) / f(ieri) iussit her(es) / faciundum curavit","Caius Fabricius Cai filius Oufentia Primus Como miles legionis XI Claudiae piae fidelis centuria Gemini Flavi stipendiorum XX annorum XXXVIII testamento fieri iussit heres faciundum curavit","epitaph","epitaph","stele","Dalmatia","Dalmatia","Ivosevci / Burnum","Burnum","Kistanje","milites, tria nomina, viri",44.0317,15.9936,1
"39",1215,469179,"EDCS-32700575","HD058296",42,69,"L(ucius) Flavius / L(uci) f(ilius) Fab(ia) Vale/ns Heracle/a mil(es) leg(ionis) XI C(laudiae) p(iae) f(idelis) / |(centuria) Iuli Prisci an(norum) / XLII stip(endiorum) XXII / |(centuria) Iuli Prisci / h(eres) f(aciendum) c(uravit)","Lucius Flavius Luci filius Fabia Valens Heraclea miles legionis XI Claudiae piae fidelis centuria Iuli Prisci annorum XLII stipendiorum XXII centuria Iuli Prisci heres faciendum curavit","epitaph","epitaph","stele","Dalmatia","Dalmatia","Ivosevci / Burnum","Burnum","Kistanje","milites, tria nomina, viri",44.0317,15.9936,1
"40",1224,469188,"EDCS-10000847","HD034385",42,69,"C(aius) Cottius C(ai) Quiri(na) / Priscinus Aug(---) Ne(---) / mil(es) leg(ionis) XI C(laudiae) p(iae) f(idelis) / stipendioru(m) XVI / annoru(m) XXXV / testamen(to) fier(i) iu/[ssit ------?","Caius Cottius Cai Quirina Priscinus Aug Ne miles legionis XI Claudiae piae fidelis stipendiorum XVI annorum XXXV testamento fieri iussit","epitaph","epitaph","stele","Dalmatia","Dalmatia","Ivosevci / Burnum","Burnum","Kistanje","milites, tria nomina, viri",44.0317,15.9936,1
"41",1225,469189,"EDCS-10000848","HD034386",42,69,"Q(uintus) Iulius Q(uinti) f(ilius) / Ouf(entina) Man/suetus Co/mo miles / leg(ionis) XI C(laudiae) p(iae) f(idelis) / ann(orum) XXXV stip(endiorum) / XIIII t(estamento) f(ieri) i(ussit) Q(uintus) Iul(ius) / Annius mil(es) leg(ionis) / eiusd(em) fratri p(ientissimo) f(aciendum) c(uravit)","Quintus Iulius Quinti filius Oufentina Mansuetus Como miles legionis XI Claudiae piae fidelis annorum XXXV stipendiorum XIIII testamento fieri iussit Quintus Iulius Annius miles legionis eiusdem fratri pientissimo faciendum curavit","epitaph","epitaph","stele","Dalmatia","Dalmatia","Ivosevci / Burnum","Burnum","Kistanje","milites, tria nomina, viri",44.0317,15.9936,1
"42",1226,469190,"EDCS-10000849","HD034387",42,69,"L(ucius) Laberius / L(uci) f(ilius) Firmus tr/i(bu) Clau(dia) domo / F[o]ro Claudi / mile(s) leg(ionis) XI / [C(laudiae) p(iae)] f(idelis) [annor(um)] XXXV / [stip(endiorum)] XIIII / [h(ic)? s(itus)?] e(st)(?) / T(itus) Talon[i]us Sec[un(dus)] / t(estamento) f(ieri) i(ussit)","Lucius Laberius Luci filius Firmus tribu Claudia domo Foro Claudi miles legionis XI Claudiae piae fidelis annorum XXXV stipendiorum XIIII hic situs est Titus Talonius Secundus testamento fieri iussit","epitaph","epitaph","stele","Dalmatia","Dalmatia","Ivosevci / Burnum","Burnum","Kistanje","milites, tria nomina, viri",44.0317,15.9936,1
"43",1227,469191,"EDCS-10000850","HD034388",42,69,"L(ucius) Magnus / L(uci) Fabia / Cleme(n)s Tavia / mil(es) leg(ionis) XI C(laudiae) p(iae) f(idelis) / optio sti(pendiorum) XI / an(norum) XXX pos(uit) / L(ucius) Salvius / Clemens frater","Lucius Magnus Luci Fabia Clemens Tavia miles legionis XI Claudiae piae fidelis optio stipendiorum XI annorum XXX posuit Lucius Salvius Clemens frater","epitaph","epitaph","stele","Dalmatia","Dalmatia","Ivosevci / Burnum","Burnum","Kistanje","milites, tria nomina, viri",44.0317,15.9936,1
"44",1228,469192,"EDCS-10000851","HD034389",42,69,"Q(uintus) Satrius / Q(uinti) Publilia / Martialis Ver(ona) / mil(es) leg(ionis) XI C(laudiae) p(iae) f(idelis) / ann(orum) XXXIIII / stip(endiorum) XIIII","Quintus Satrius Quinti Publilia Martialis Verona miles legionis XI Claudiae piae fidelis annorum XXXIIII stipendiorum XIIII","epitaph","epitaph","stele","Dalmatia","Dalmatia","Ivosevci / Burnum","Burnum","Kistanje","milites, tria nomina, viri",44.0317,15.9936,1
"45",1229,469193,"EDCS-10000852","HD004410",42,69,"Dis Ma(nibus) / Ter(tius) Anto(nius) / Ter(ti) f(ilius) Pol(lia) Rufi(nus) / Par(ma) mil(es) leg(ionis) XI / C(laudiae) p(iae) f(idelis) stip(endiorum) XVI","Dis Manibus Tertius Antonius Terti filius Pollia Rufinus Parma miles legionis XI Claudiae piae fidelis stipendiorum XVI","epitaph","epitaph","stele","Dalmatia","Dalmatia","Ivosevci / Burnum","Burnum","Kistanje","milites, tria nomina, viri",44.0317,15.9936,1
"46",1246,469210,"EDCS-10101839","HD025909",42,69,"L(ucius) Bodlius L(uci) f(ilius) / Pol(lia) Genialis / Pollent(ia) mil(es) / leg(ionis) XI C(laudiae) p(iae) f(idelis) / |(centuria) Iuli Secundi / ann(orum) XXX stip(endiorum) X / h(eres) f(aciendum) c(uravit)","Lucius Bodlius Luci filius Pollia Genialis Pollentia miles legionis XI Claudiae piae fidelis centuria Iuli Secundi annorum XXX stipendiorum X heres faciendum curavit","epitaph","epitaph","stele","Dalmatia","Dalmatia","Ivosevci / Burnum","Burnum","Kistanje","milites, tria nomina, viri",44.0317,15.9936,1
"47",1247,469211,"EDCS-10101840","HD031659",42,69,"------?] / [--- S?]atr/[ius? - f(ilius)] Cam(ilia) Rufus / Ravenna miles / leg(ionis) XI C(laudiae) p(iae) f(idelis) / |(centuria) Fabrici Veri / ann(orum) XXXIII stip(endiorum) XV / t(estamento) f(ieri) i(ussit) / C(aius) Muscius Maternus / et / C(aius) Asuvius Crescens / her(edes) f(aciendum) c(uraverunt)","Satrius filius Camilia Rufus Ravenna miles legionis XI Claudiae piae fidelis centuria Fabrici Veri annorum XXXIII stipendiorum XV testamento fieri iussit Caius Muscius Maternus et Caius Asuvius Crescens heredes faciendum curaverunt","epitaph","epitaph","stele","Dalmatia","Dalmatia","Ivosevci / Burnum","Burnum","Kistanje","milites, tria nomina, viri",44.0317,15.9936,1
"48",1113,469071,"EDCS-31900304","HD056523",1,70,"Andamionius An/dami f(ilius) eq(ues) coh(ortis) I / Lucens(ium) ann(orum) XXXV / st(ipendiorum) XV h(ic) s(itus) e(st) / Gav[i]llius fr[at?]er / [eiu?]s pos(u)it","Andamionius Andami filius eques cohortis I Lucensium annorum XXXV stipendiorum XV hic situs est Gavillius frater eius posuit","epitaph","epitaph","stele","Dalmatia","Dalmatia","Humac / Bigeste","Bigeste","Ljubuški","milites, nomen singulare, viri",43.1818,17.5271,1
"49",1970,469956,"EDCS-10000919","HD012019",1,70,"C(aio) Ennio Oepli f(ilio) / Aetori Ennia C(ai) f(ilia) / Ceuna v(iva) f(ecit) sibi / et viro suo / in f(ronte) p(edes) XII / in a(gro) p(edes) XIIII","Caio Ennio Oepli filio Aetori Ennia Cai filia Ceuna viva fecit sibi et viro suo in fronte pedes XII in agro pedes XIIII","epitaph","epitaph","stele","Dalmatia","Dalmatia","Nin / Aenona","Aenona","Zadar","mulieres, nomen singulare, tria nomina, viri",44.2435,15.1842,1
"50",6405,474857,"EDCS-26600676","HD050352",1,70,"P(ublio) Annaeo [--- se]/viro m(agistro) M(ercuriali) [L(ucio) Lacutu]/lano L(uci) l(iberto?) P[---] / L(ucio) Lacutula[no ---] / patri Lacutu[lanae] / Maximae An[naeae] / C(ai) f(iliae) Secundae [--- La]/cutulana L(uci) f(ilia) [---] / viva sibi [et suis]","Publio Annaeo seviro magistro Mercuriali Lucio Lacutulano Luci liberto P Lucio Lacutulano patri Lacutulanae Maximae Annaeae Cai filiae Secundae Lacutulana Luci filia viva sibi et suis","epitaph","epitaph","stele","Dalmatia","Dalmatia","Vid / Narona","Narona","Metković","mulieres, tria nomina, viri",43.0801,17.625,1
"51",1115,469073,"EDCS-31900307","HD058391",9,70,"M(arcus) Sosius M(arci) f(ilius) / Fab(ia) Sebasto/[poli vet(eranus)? leg(ionis) VII] / [------","Marcus Sosius Marci filius Fabia Sebastopoli veteranus legionis VII","epitaph","epitaph","stele","Dalmatia","Dalmatia","Humac / Bigeste","Bigeste","Ljubuški","milites, viri",43.1818,17.5271,1
"52",1114,469072,"EDCS-31900306","HD058385",31,70,"Rufus Angeti f(ilius) / mil(es) c(o)ho(rtis) I Luce(nsium)/ annorum XXX / stipen(diorum) XI / h(ic) s(itus) e(st) / h(eres) p(osuit)","Rufus Angeti filius miles cohortis I Lucensium annorum XXX stipendiorum XI hic situs est heres posuit","epitaph","epitaph","stele","Dalmatia","Dalmatia","Humac / Bigeste","Bigeste","Ljubuški","milites, nomen singulare, viri",43.1818,17.5271,1
"53",1365,469332,"EDCS-55701993","HD065347",31,70,"L(ucius?) N(?)ARI(?)ON / f(ilius) miles co/h(ortis) Cyrr(h)es(tarum) / domo Be[r(o)ea] / ann(orum) L stip(endiorum) XV(?) / h(ic) s(itus) e(st) t(estamento) f(ieri) i(ussit)","Lucius NARION filius miles cohortis Cyrrhestarum domo Beroea annorum L stipendiorum XV hic situs est testamento fieri iussit","NULL",NA,"stele","Dalmatia","Achaia","Karlovac / Karlstadt / Burnum","Burnum","Kistanje","milites, tria nomina, viri",44.0317,15.9936,1
"54",6168,474615,"EDCS-30200377","HD034287",31,70,"Q(uintus) Murrius / Q(uinti) f(ilius) Ser(gia) Augusta / mil(es) le[g(ionis) VII an]n(orum) XXXV / stip(endiorum) VI[--- h(ic) s(itus)] e(st)","Quintus Murrius Quinti filius Sergia Augusta miles legionis VII annorum XXXV stipendiorum VI hic situs est","epitaph","epitaph","stele","Dalmatia","Dalmatia","Tomislavgrad / Duvno / Zupanjac / Delminium","Tilurium","Trilj","milites, praenomen et nomen, viri",43.6139,16.689,1
"55",1158,469121,"EDCS-41300186","HD039870",42,70,"L(ucius) Tertius L(uci)(?) f(ilius) / [Te]rtianus / H[era]cl[ea] ann(orum) [---] / HIR ACLRA mil(es) / leg(ionis) XI [C(laudiae) p(iae)] f(idelis) / ann(orum) XL stip(endiorum) XVII / L(ucius) Pomp(onius?) Pol[lio? ---?]","Lucius Tertius Luci filius Tertianus Heraclea annorum HIR ACLRA miles legionis XI Claudiae piae fidelis annorum XL stipendiorum XVII Lucius Pomponius Pollio","epitaph","epitaph","stele","Dalmatia","Dalmatia","Ivosevci / Burnum","Burnum","Kistanje","milites, tria nomina, viri",44.0317,15.9936,1
"56",1160,469123,"EDCS-41300188","HD039872",42,70,"[------] / [--- l]eg(ionis) XI [C(laudiae)? p(iae)? f(idelis)?] / [|(centuria)?] Aemi(li) V[ictoris?] / ann(orum) XI[---] / [s]ti[p(endiorum) ---] / [------?]","legionis XI Claudiae piae fidelis centuria Aemili Victoris annorum XI stipendiorum","epitaph","epitaph","stele","Dalmatia","Dalmatia","Ivosevci / Burnum","Burnum","Kistanje","milites, tria nomina, viri",44.0317,15.9936,1
"57",1161,469124,"EDCS-41300189","HD039873",42,70,"[------?] / [---?]ALR[---?] / [---?] leg(ionis) X[I? C(laudiae)? p(iae)? f(idelis)?] / [ann(orum) ---] / stip(endiorum) X[---] / [---] M(arcus) Pon[ponius! ---]","ALR legionis XI Claudiae piae fidelis annorum stipendiorum X Marcus Ponponius","epitaph","epitaph","stele","Dalmatia","Dalmatia","Ivosevci / Burnum","Burnum","Kistanje","milites, viri",44.0317,15.9936,1
"58",801,468753,"EDCS-28300038","HD054440",60,70,"Melvadius Macri f(ilius) / eq(ues) alae Claudiae novae / dom(o) Cugernus ann(orum) XXX stipen(diorum) XII / t(estamento) f(ieri) i(ussit) / Ti(berius) Claudius Aurelius / her(es) pos(uit)","Melvadius Macri filius eques alae Claudiae novae domo Cugernus annorum XXX stipendiorum XII testamento fieri iussit Tiberius Claudius Aurelius heres posuit","epitaph","epitaph","stele","Dalmatia","Dalmatia","Gardun / Tilurium","Tilurium","Trilj","milites, tria nomina, viri",43.6139,16.689,1
"59",1230,469194,"EDCS-10000853","HD034390",1,71,"Buccus Staumi / f(ilius) Fab(ia) domo / Brixia miles / coh(ortis) Monta/norum ann(orum) / XXVI stip(endiorum) IIII / h(ic) s(itus) e(st) / t(estamento) f(ieri) i(ussit)","Buccus Staumi filius Fabia domo Brixia miles cohortis Montanorum annorum XXVI stipendiorum IIII hic situs est testamento fieri iussit","epitaph","epitaph","stele","Dalmatia","Dalmatia","Ivosevci / Burnum","Burnum","Kistanje","milites, nomen singulare, viri",44.0317,15.9936,1
"60",1232,469196,"EDCS-10000855","HD011485",70,80,"Imerix Servofr/edi f(ilius) Batavos(!) / eq(ues) ala(e) / Hispano/[rum I] / [a]nnor(um) XXVIII / stip(endiorum) VIII / [h(ic)] s(itus) e(st) // [---]azicico / [---] et Apulo / [---]co Aetoris f(ilio) / [he?]res","Imerix Servofredi filius Batavos eques alae Hispanorum I annorum XXVIII stipendiorum VIII hic situs est azicico et Apulo co Aetoris filio heres","epitaph","epitaph","stele","Dalmatia","Dalmatia","Ivosevci / Burnum","Burnum","Kistanje","milites, nomen singulare, viri",44.0317,15.9936,1
"61",1210,469174,"EDCS-32700570","HD061336",69,86,"P(ublio) Carsidi/o P(ubli) f(ilio) Gal(eria) / Calvo Lugd(uno) / aquilifero / leg(ionis) IIII F(laviae) f(elicis) ann{n}(orum) / XLI stip(endiorum) XIIX / h(ic) s(itus) e(st)","Publio Carsidio Publi filio Galeria Calvo Lugduno aquilifero legionis IIII Flaviae felicis annnorum XLI stipendiorum XIIX hic situs est","epitaph","epitaph","stele","Dalmatia","Dalmatia","Ivosevci / Burnum","Burnum","Kistanje","milites, tria nomina, viri",44.0317,15.9936,1
"62",1217,469181,"EDCS-04600017","HD039874",70,86,"Q(uinto) Iu(l)io Ar(nensi) / Felici mil(iti) / leg(ionis) IIII F(laviae) F(elicis) / ann(orum) XL sti(pendiorum) XIIX / t(estamento) f(ieri) i(ussit) / [Q(uintus)?] Iulius Caesa[rus?]","Quinto Iulio Arnensi Felici militi legionis IIII Flaviae Felicis annorum XL stipendiorum XIIX testamento fieri iussit Quintus Iulius Caesarus","epitaph","epitaph","stele","Dalmatia","Dalmatia","Ivosevci / Burnum","Burnum","Kistanje","milites, tria nomina, viri",44.0317,15.9936,1
"63",67,467991,"EDCS-20601178","HD039812",1,100,"Tures Alburi / f(ilius) eq(ues) coh(ortis) I / Bracaraugus(tanorum) / ann(orum) XXV stip(endiorum) VII / h(ic) s(itus) est h(eres) p(osuit)","Tures Alburi filius eques cohortis I Bracaraugustanorum annorum XXV stipendiorum VII hic situs est heres posuit","epitaph","epitaph","stele","Dalmatia","Dalmatia","Bigeste","Bigeste","Ljubuški","milites, nomen singulare, viri",43.1818,17.5271,1
"64",68,467992,"EDCS-20601179","HD039821",1,100,"Veranus Caturonis / f(ilius) eq(ues) coh(ortis) I Bracaraug(ustanorum) / turma Tironis ann(norum) / XXXIIX stipendiorum / XVIII h(ic) s(itus) e(st) t(estamento) f(ieri) i(ussit) / h(eredes) p(osuerunt) / Tiro dec(urio) et Crispus / Caturonis","Veranus Caturonis filius eques cohortis I Bracaraugustanorum turma Tironis annnorum XXXIIX stipendiorum XVIII hic situs est testamento fieri iussit heredes posuerunt Tiro decurio et Crispus Caturonis","epitaph","epitaph","stele","Dalmatia","Dalmatia","Bigeste","Bigeste","Ljubuški","milites, nomen singulare, viri",43.1818,17.5271,1
"65",76,468000,"EDCS-20601174","HD039805",1,100,"C(aius) Licinius C(ai) f(ilius) / Fab(ia) dom(o) Sinope / vet(eranus) leg(ionis) VII an(norum) L / stip(endiorum) XXVII / h(ic) s(itus) e(st) / heredes posuer(unt)","Caius Licinius Cai filius Fabia domo Sinope veteranus legionis VII annorum L stipendiorum XXVII hic situs est heredes posuerunt","epitaph","epitaph","stele","Dalmatia","Dalmatia","Bigeste","Bigeste","Ljubuški","milites, praenomen et nomen, viri",43.1818,17.5271,1
"66",596,468541,"EDCS-10000806","HD034277",1,100,"Aplis / Turi St/atani / f(ilius) an(norum) IIII","Aplis Turi Statani filius annorum IIII","epitaph","epitaph","stele","Dalmatia","Dalmatia","Danilo Gornje / Rider","Rider","Šibenik","nomen singulare, tria nomina, viri",43.7034,16.0486,1
"67",601,468546,"EDCS-10000815","HD011421",1,100,"Vendo Acenica / Culi f(ilia) ann(orum) XX / h(ic) s(ita) e(st)","Vendo Acenica Culi filia annorum XX hic sita est","epitaph","epitaph","stele","Dalmatia","Dalmatia","Danilo Gornje / Rider","Rider","Šibenik","mulieres, nomen singulare, viri",43.7034,16.0486,1
"68",609,468554,"EDCS-10000823","HD034363",1,100,"Sextus / f(ecit?) Bato/ni Ca/onat[u]/s(?)","Sextus fecit Batoni Caonatus","epitaph","epitaph","stele","Dalmatia","Dalmatia","Danilo Gornje / Rider","Rider","Šibenik","nomen singulare, viri",43.7034,16.0486,1
"69",839,468791,"EDCS-31900030","HD058795",1,100,"Sex(tus) Cornelius / Sex(ti) f(ilius) Camilia / nonan(orum?) veter(anus) / [-]I(?)[---] / [------","Sextus Cornelius Sexti filius Camilia nonanorum veteranus I","epitaph","epitaph","stele","Dalmatia","Dalmatia","Gardun / Tilurium","Tilurium","Trilj","milites, praenomen et nomen, viri",43.6139,16.689,1
"70",1097,469055,"EDCS-10100872","HD024005",1,100,"Meduttus / Caturonis / f(ilius) miles coh(ortis) I / Bracaraug/ustanoru[m] / ann(orum) XXX s[tip(endiorum)] / [------?","Meduttus Caturonis filius miles cohortis I Bracaraugustanorum annorum XXX stipendiorum","epitaph","epitaph","stele","Dalmatia","Dalmatia","Hardomilje / Bigeste","Bigeste","Ljubuški","milites, nomen singulare, viri",43.1818,17.5271,1
"71",1209,469173,"EDCS-32700569","HD061335",1,100,"[---] Caesius / [---]cla Secu/[ndu]s Iu(v)av(o) mil(es) / [---] O(?)I(?)I(?)C(?)A / [---] / [------?","Caesius cla Secundus Iuvavo miles OIICA","epitaph","epitaph","stele","Dalmatia","Dalmatia","Ivosevci / Burnum","Burnum","Kistanje","milites, tria nomina, viri",44.0317,15.9936,1
"72",1235,469199,"EDCS-10000858","HD034393",1,100,"T(ito) Queresio Aet(oris) f(ilio) patr[i] / Volusiae M(arci) f(iliae) Aet(riae?) matr[i] / Queresiae T(iti) f(iliae) Max(imae) sor[ori] / Queresiae T(iti) f(iliae) Tertiae so[rori] / C(aius) Volusius Max(imus) h(eres) f(aciendum) c(uravit)","Tito Queresio Aetoris filio patri Volusiae Marci filiae Aetriae matri Queresiae Titi filiae Maximae sorori Queresiae Titi filiae Tertiae sorori Caius Volusius Maximus heres faciendum curavit","epitaph","epitaph","stele","Dalmatia","Dalmatia","Ivosevci / Burnum","Varvaria","Skradin","mulieres, nomen singulare, praenomen et nomen, tria nomina, viri",43.8892,15.9051,1
"73",1248,469212,"EDCS-10101842","HD035398",1,100,"------?] / [---]io P(ubli)(?) / [f(ilio) ---]sso do/[mo? --- s]ignif(er) / [---] stip(endiorum) XXIII / [---]ola / [---]o / [------","io Publi filio sso domo signifer stipendiorum XXIII ola o","epitaph","epitaph","stele","Dalmatia","Dalmatia","Ivosevci / Burnum","Burnum","Kistanje","milites, tria nomina, viri",44.0317,15.9936,1
"74",1250,469214,"EDCS-10101844","HD035402",1,100,"C(aius) Vatern(ius) / C(ai) f(ilius) Lem(onia) / Aprio Bon(onia) / stip&lt;e=F&gt;(ndiorum) XIX / h(eres) f(aciendum) c(uravit) ","Caius Vaternius Cai filius Lemonia Aprio Bononia stip lt e gt ndiorum XIX heres faciendum curavit","epitaph","epitaph","stele","Dalmatia","Dalmatia","Ivosevci / Burnum","Burnum","Kistanje","milites, tria nomina, viri",44.0317,15.9936,1
"75",1340,469306,"EDCS-28400152","HD060060",1,100,"Tullia Oepli f(ilia) Voltisa / sibi et C(aio) Iulio Ceuni f(ilio) / Acirrio filio et Orpiae / Q(uinti) f(iliae) Opiavae matri / v(iva) f(ecit) in f(ronte) p(edes) V(?) |(triens)(?) in agr(o) / p(edes) X |(dextans)(?)","Tullia Oepli filia Voltisa sibi et Caio Iulio Ceuni filio Acirrio filio et Orpiae Quinti filiae Opiavae matri viva fecit in fronte pedes V triens in agro pedes X dextans","epitaph","epitaph","stele","Dalmatia","Dalmatia","Karin Gornji / Corinium","Corinium","Benkovac","mulieres, nomen singulare, tria nomina, viri",44.1075,15.6256,1
"76",1748,469726,"EDCS-10000218","HD021799",1,100,"Betulo Karo/nis f(ilius) domo / Eguius mil(es) / coh(ortis) III Alp(inorum) / an(norum) XL stip(endiorum) XXII / h(ic) s(itus) e(st) t(estamento) f(ieri) i(ussit) / Valerius sig(nifer) / h(eres) p(osuit)","Betulo Karonis filius domo Eguius miles cohortis III Alpinorum annorum XL stipendiorum XXII hic situs est testamento fieri iussit Valerius signifer heres posuit","epitaph","epitaph","stele","Dalmatia","Dalmatia","Ljubuski / Mlade / Bigeste","Bigeste","Ljubuški","milites, nomen singulare, viri",43.1818,17.5271,1
"77",1749,469727,"EDCS-10000219","HD021802",1,100,"------] / equ(es) c(o)ho(rtis) I[II] / Alpin(a)e domo / Vercianus an(norum) / XXXVIII stip(endiorum) XIIII / t(estamento) f(ieri) i(ussit) h(eres) p(osuit) h(ic) s(itus) e(st)","eques cohortis III Alpinae domo Vercianus annorum XXXVIII stipendiorum XIIII testamento fieri iussit heres posuit hic situs est","epitaph","epitaph","stele","Dalmatia","Dalmatia","Ljubuski / Mlade / Bigeste","Bigeste","Ljubuški","milites, viri",43.1818,17.5271,1
"78",1751,469729,"EDCS-56900036","HD056526",1,100,"[---]I sibi et [---] / [---]VRA Cla[udi ---] / [--- Ma]rcelli [--- M]/artialis","I sibi et VRA Claudi Marcelli Martialis","epitaph","epitaph","stele","Dalmatia","Dalmatia","Ljubuski / Mlade / Bigeste","NULL","Ljubuški","viri",43.1904758,17.540558,1
"79",1828,469813,"EDCS-46600040","HD018001",1,100,"T(itus) Buzetius Diti f(ilius) Tura Ti/[---] f(ilia) Tito Buzetia / [T(iti)? f(ilia) ---]mtena Gelli f(ilia) / testamento fieri / iussit / [---]tus Buzetius T(iti) l(ibertus) / [patr]ono arbitratu Tito(nis?) / [Buzet]iae s(ororis?) et Sex(tonis?) Buzeti/ae s(ororis?)","Titus Buzetius Diti filius Tura Ti filia Tito Buzetia Titi filia mtena Gelli filia testamento fieri iussit tus Buzetius Titi libertus patrono arbitratu Titonis Buzetiae sororis et Sextonis Buzetiae sororis","epitaph","epitaph","stele","Dalmatia","Dalmatia","Medvida / Medvigge / Hadra / Sidrona","Sidrona","Benkovac","liberti/libertae, mulieres, nomen singulare, tria nomina, viri",44.1354,15.7481,1
"80",2194,470192,"EDCS-28400294","HD015547",1,100,"Avita Su/ioca Ves/clevesis / f(ilia) v(iva) f(ecit) sibi et / [---]V / [------? // Volsou/nae Suio/cae Ves/clevesis / f(iliae) / [------? // Avita / Aquil/lia L(uci) f(ilia) / v(iva) f(ecit) si[bi et] / Vol[---] / [------?","Avita Suioca Vesclevesis filia viva fecit sibi et V Volsounae Suiocae Vesclevesis filiae Avita Aquillia Luci filia viva fecit sibi et Vol","epitaph","epitaph","stele","Dalmatia","Dalmatia","Plomin / Flanona","Flanona","Kršan","mulieres, nomen singulare, tria nomina, viri",45.1382,14.1801,1
"81",2418,470419,"EDCS-10101964","HD004919",1,100,"Liccaeus Vei f(ilius) / |(centurio) de liburna / Lucusta / testamento / fieri iussit arbit(ratu) / Dabali Triti / heredis / a(mico) mer(enti) an(norum) XXX / loc(o) publ(ice) dat(o)","Liccaeus Vei filius centurio de liburna Lucusta testamento fieri iussit arbitratu Dabali Triti heredis amico merenti annorum XXX loco publice dato","epitaph","epitaph","stele","Dalmatia","Dalmatia","Punta Kriza","Apsorus","Mali Lošinj","milites, nomen singulare, viri",44.693,14.3919,1
"82",2631,470634,"EDCS-57200161","HD014585",1,100,"Voltisa Tresina [---] / Camuniae f(iliae) sua[e et sibi fecit] / Titamoc[a ---] / Volt[isa et] / C(aius) Titius C(ai) [f(ilius)] / Volses [sibi et] / suis fe[cerunt]","Voltisa Tresina Camuniae filiae suae et sibi fecit Titamoca Voltisa et Caius Titius Cai filius Volses sibi et suis fecerunt","epitaph","epitaph","stele","Dalmatia","Dalmatia","Skabrnja / Nedinum","Nedinum","Škabrnja","mulieres, tria nomina, viri",44.0721,15.5095,1
"83",6142,474589,"EDCS-30301342","HD061686",1,100,"Flavos(!) Bo/uti f(ilius) mil(es) / coh(ortis) I Luce(nsium) / ann(orum) XXXI / stip(endiorum) X dom(o) / Luco Aug(usti) h(eres) f(aciendum) c(uravit) / h(ic) s(itus) e(st)","Flavos Bouti filius miles cohortis I Lucensium annorum XXXI stipendiorum X domo Luco Augusti heres faciendum curavit hic situs est","epitaph","epitaph","stele","Dalmatia","Dalmatia","Tepljuh / Promona","Promona","Drniš","milites, nomen singulare, viri",43.8955,16.2114,1
"84",6210,474657,"EDCS-10000746","HD034182",1,100,"------ c]enturio le[g(ionis) VII ---]","centurio legionis VII","epitaph","epitaph","stele","Dalmatia","Dalmatia","Trilj / Tilurium","Tilurium","Trilj","milites, viri",43.6139,16.689,1
"85",6620,475079,"EDCS-14800172","HD039867",1,100,"L(ucius) Cusius / L(uci) l(ibertus) Ascani/us an(norum) XX h(ic) s(itus) e(st) / patronus posu/it bene merito","Lucius Cusius Luci libertus Ascanius annorum XX hic situs est patronus posuit bene merito","epitaph","epitaph","stele","Dalmatia","Dalmatia","Vojnic Sinjski / Tilurium","Tilurium","Trilj","liberti/libertae, tria nomina, viri",43.6139,16.689,1
"86",6733,475192,"EDCS-28400164","HD060144",1,100,"Sex(tus) Atilius / Sex(ti) f(ilius) Pap(iria) / veter(anus) leg(ionis) VII / domo Ticino / hic situs est / testamento / fieri iussit / in f(ronte) p(edes) XV in a(gro) p(edes) XX","Sextus Atilius Sexti filius Papiria veteranus legionis VII domo Ticino hic situs est testamento fieri iussit in fronte pedes XV in agro pedes XX","epitaph","epitaph","stele","Dalmatia","Dalmatia","Zadar / Iader","Iader","Zadar","milites, praenomen et nomen, viri",44.115501,15.223778,1
"87",6849,475310,"EDCS-10000898","HD034561",1,100,"[--- dol]oroso / iussu pravi labori[s] / qui semp(e)r fui cu/pidus meorum / dis(p)arsa nomin/a res(ti)tuere in u/num Sex(tus) Fuficius / Cleme(n)s / in agro p(edes) XX / in f(r)ont(e) p(edes) XV","doloroso iussu pravi laboris qui semper fui cupidus meorum disparsa nomina restituere in unum Sextus Fuficius Clemens in agro pedes XX in fronte pedes XV","epitaph","epitaph","stele","Dalmatia","Dalmatia","Zadar / Iader","Iader","Zadar","tria nomina, viri",44.115501,15.223778,1
"88",6943,521651,"EDCS-01601304","HD057307",1,100,"T(itus) Vettidius |(mulieris) l(ibertus) / Phindarus(!) / sibi et Vettid&lt;i&gt;ae / Phiale coni(ugi) / in fr(onte) p(edes) XX / in ag(ro) p(edes) LXX","Titus Vettidius mulieris libertus Phindarus sibi et Vettid lt i gt ae Phiale coniugi in fronte pedes XX in agro pedes LXX","epitaph","epitaph","stele","Venetia et Histria / Regio X","Dalmatia","Aquileia","Tarsatica","Rijeka","liberti/libertae, mulieres, tria nomina, viri",45.3278,14.4444,1
"89",6328,474779,"EDCS-30000209","HD058602",9,100,"L(ucius) Vegnonius / [--](?) L(uci) f(ilius) vet(eranus) leg(ionis) V[II] / [d]om(o) Florent[ia] / [---]opaena F[a]/[br]icia se vi[va] / [si]bi et vir[o] / E(---) / hic s(itus) est","Lucius Vegnonius Luci filius veteranus legionis VII domo Florentia opaena Fabricia se viva sibi et viro E hic situs est","epitaph","epitaph","stele","Dalmatia","Dalmatia","Veli Bijac / Bijaci / Bijaca / Siculi","Siculi","Kaštela","milites, mulieres, praenomen et nomen, viri",43.5306,16.3004,1
"90",594,468539,"EDCS-10000803","HD034274",31,100,"Ti(berius) Cla&lt;u&gt;dius Firmu/s Ti(beri) Cl&lt;a&gt;udi Triti f(ilius) / Firmus ann(orum) / VIII h(ic) s(itus) e(st)","Tiberius Cla lt u gt dius Firmus Tiberi Cl lt a gt udi Triti filius Firmus annorum VIII hic situs est","epitaph","epitaph","stele","Dalmatia","Dalmatia","Danilo Gornje / Rider","Rider","Šibenik","tria nomina, viri",43.7034,16.0486,1
"91",2237,470235,"EDCS-30101165","HD045059",31,100,"Clodia Tur[i f(ilia)] / Aeta sibi et Tito / Safinio Septumi f(ilio) / Rufo Safiniae Septu/mi f(iliae) Secundae fili(i)s / suis / viva fecit","Clodia Turi filia Aeta sibi et Tito Safinio Septumi filio Rufo Safiniae Septumi filiae Secundae filiis suis viva fecit","epitaph","epitaph","stele","Dalmatia","Dalmatia","Podgrade / Asseria","Asseria","Benkovac","mulieres, nomen singulare, tria nomina, viri",44.0103,15.6844,1
"92",2238,470236,"EDCS-30101166","HD045060",31,100,"------]nae PCLI / [-]SPVBLVS fil(i)us / [------] / v(ivus?) f(ecit) // M","nae PCLI SPVBLVS filius vivus fecit M","epitaph","epitaph","stele","Dalmatia","Dalmatia","Podgrade / Asseria","Asseria","Benkovac","mulieres, viri",44.0103,15.6844,1
"93",838,468790,"EDCS-31900029","HD058783",42,100,"Sex(tus) Clodius / C(?)(ai) f(ilius) Pub(lilia) Verona / mil(es) l[eg(ionis) VII C(laudia) p(ia)] f(idelis) / [------","Sextus Clodius Cai filius Publilia Verona miles legionis VII Claudia pia fidelis","epitaph","epitaph","stele","Dalmatia","Dalmatia","Gardun / Tilurium","Tilurium","Trilj","milites, praenomen et nomen, viri",43.6139,16.689,1
"94",1193,469157,"EDCS-29900060","HD058168",42,100,"Sub hac in/scriptione / M(arcus) Cupitius / M(arci) f(ilius) Pol(lia) / Paulus / Amasia / miles leg(ionis) / XI C(laudiae) p(iae) f(idelis) stip/endiorum / XVII Cupitius / Pol(l)io frater / faciundum / curavit","Sub hac inscriptione Marcus Cupitius Marci filius Pollia Paulus Amasia miles legionis XI Claudiae piae fidelis stipendiorum XVII Cupitius Pollio frater faciundum curavit","epitaph","epitaph","stele","Dalmatia","Dalmatia","Ivosevci / Burnum","Burnum","Kistanje","milites, tria nomina, viri",44.0317,15.9936,1
"95",1436,469409,"EDCS-30301403","HD058257",42,100,"------] / T(itus) Lolliu[s] / T(iti) f(ilius) Clau(dia) / Tarviso / mil(es) leg(ionis) / XI C(laudiae) p(iae) f(idelis) / h(ic) s(itus) e(st)","Titus Lollius Titi filius Claudia Tarviso miles legionis XI Claudiae piae fidelis hic situs est","epitaph","epitaph","stele","Dalmatia","Dalmatia","Knin / Burnum","Ninia","Knin, bei","milites, tria nomina, viri",44.0408,16.1994,1
"96",2611,470614,"EDCS-10100903","HD034303",45,100,"Ti(berius) Claudius / Priscus / vet(eranus) alae Claud(iae) nov(ae) / t(estamento) f(ieri) i(ussit) / arbitratu Sexti Viniusi","Tiberius Claudius Priscus veteranus alae Claudiae novae testamento fieri iussit arbitratu Sexti Viniusi","epitaph","epitaph","stele","Dalmatia","Dalmatia","Sinj / Osinium","Aequum","Sinj, bei","milites, tria nomina, viri",43.7423,16.6547,1
"97",812,468764,"EDCS-28300048","HD054613",51,100,"Honesimus(!) / T(iti) Septumi(!) / ser(vus) ann(orum) XV / h(ic) s(itus) e(st) dominus / bene merito / p(osuit)","Honesimus Titi Septumi servus annorum XV hic situs est dominus bene merito posuit","epitaph","epitaph","stele","Dalmatia","Dalmatia","Gardun / Tilurium","Tilurium","Trilj","nomen singulare, praenomen et nomen, servi/servae, viri",43.6139,16.689,1
"98",837,468789,"EDCS-29900112","HD012375",51,100,"P(ublius) Attecius P(ubli) f(ilius) / Venimarus mi/l(es) coh(ortis) VIII |(centuria) At(t)i/li domo Clau(dia) / Viruno an(n)o(rum) / XXI stip(endiorum) II / M(arcus) Ressius / Bricomar/us h(eres) ex t(estamento) / p(onendum) c(uravit)","Publius Attecius Publi filius Venimarus miles cohortis VIII centuria Attili domo Claudia Viruno annorum XXI stipendiorum II Marcus Ressius Bricomarus heres ex testamento ponendum curavit","epitaph","epitaph","stele","Dalmatia","Dalmatia","Gardun / Tilurium","Tilurium","Trilj","milites, nomen singulare, tria nomina, viri",43.6139,16.689,1
"99",847,468799,"EDCS-30200432","HD028183",51,100,"M(arcus) Pytha Segni f(ilius) / mil(es) c(o)hor(tis) II C{h}yrr&lt;h&gt;es(ticorum) / dom(o) Berea an(norum) LX stip(endiorum) / XXXV t(estamento) f(ieri) i(ussit) sibi Felici l(iberto) / [------?","Marcus Pytha Segni filius miles cohortis II Chyrr lt h gt esticorum domo Berea annorum LX stipendiorum XXXV testamento fieri iussit sibi Felici liberto","epitaph","epitaph","stele","Dalmatia","Dalmatia","Gardun / Tilurium","Tilurium","Trilj","milites, nomen singulare, praenomen et nomen, viri",43.6139,16.689,1
"100",1599,469576,"EDCS-10100643","HD033969",51,100,"D(is) M(anibus) / Maximu/s Diti an(n)o/rum LXX p(---) v(---) f(ecit) / h(ic) s(itus) e(st)","Dis Manibus Maximus Diti annorum LXX p v fecit hic situs est","epitaph","epitaph","stele","Dalmatia","Dalmatia","Krnjeusa","NULL","Bosanski Petrovac","nomen singulare, viri",44.6876805,16.2255311,1
"101",1087,469045,"EDCS-31300303","HD056522",71,100,"Ti(berius) Claudius Ligomarus / Carstimari f(ilius) / Claudia Salinis / eq(ues) coh(ortis) III Alpinae / ann(orum) LVII stipend(iorum) XXX / h(ic) [s(itus)] e(st) t(estamento) f(ieri) i(ussit) her(edes) p(osuerunt) / Ti(berius) Claudius Silenu[s] / et Ti(berius) Claudius Abascian(us) / libertus","Tiberius Claudius Ligomarus Carstimari filius Claudia Salinis eques cohortis III Alpinae annorum LVII stipendiorum XXX hic situs est testamento fieri iussit heredes posuerunt Tiberius Claudius Silenus et Tiberius Claudius Abascianus libertus","epitaph","epitaph","stele","Dalmatia","Dalmatia","Hardomilje / Bigeste","Bigeste","Ljubuški","milites, nomen singulare, tria nomina, viri",43.1818,17.5271,1
"102",1206,469170,"EDCS-32700566","HD058295",30,130,"Sex(tus) Antern(ius) / Q(uinti) f(ilius) Sca(ptia) / Severus domo / Flor[entia ---] / [------","Sextus Anternius Quinti filius Scaptia Severus domo Florentia","epitaph","epitaph","stele","Dalmatia","Dalmatia","Ivosevci / Burnum","Burnum","Kistanje","tria nomina, viri",44.0317,15.9936,1
"103",1120,469078,"EDCS-10000684","HD034084",31,130,"Pr[---]A / AT[---] fa/to rapta h(ic) s(ita) e(st) / C(aius) Valerius C(ai) f(ilius) Den/to veter(anus) leg(ionis) VII lib(ertae) / suae posuit","Pr A AT fato rapta hic sita est Caius Valerius Cai filius Dento veteranus legionis VII libertae suae posuit","epitaph","epitaph","stele","Dalmatia","Dalmatia","Humac / Bigeste","Bigeste","Ljubuški","liberti/libertae, milites, mulieres, tria nomina, viri",43.1818,17.5271,1
"104",821,468773,"EDCS-30100405","HD046617",71,130,"[-]agenio(?) Eucisi f(ilio) / eq(uiti) ala(e) Frontoni(anae) / an(norum) XL stip(endiorum) XX / Nemis Sige h(ic) s(itus) e(st) / frateres(!) frater(!) / fecerunt","agenio Eucisi filio equiti alae Frontonianae annorum XL stipendiorum XX Nemis Sige hic situs est frateres frater fecerunt","epitaph","epitaph","stele","Dalmatia","Dalmatia","Gardun / Tilurium","Tilurium","Trilj","milites, nomen singulare, viri",43.6139,16.689,1
"105",984,468937,"EDCS-30200136","HD054442",71,130,"Ser(vius) Ennius Ser(vi) f(ilius) / Claudia Fuscus / domo Cemeneli / miles coh(ortis) VIII vol(untariorum) / stip(endiorum) XVIIII ann(orum) XXXIIX / Fulvia Vitalis v(iva) f(ecit) sibi / et coniugi b(ene) m(erenti) {f(ecit)} / h(oc) m(onumentum) h(eredem) n(on) s(equetur)","Servius Ennius Servi filius Claudia Fuscus domo Cemeneli miles cohortis VIII voluntariorum stipendiorum XVIIII annorum XXXIIX Fulvia Vitalis viva fecit sibi et coniugi bene merenti fecit hoc monumentum heredem non sequetur","epitaph","epitaph","stele","Dalmatia","Dalmatia","Gornji Muc / Andetrium","Andetrium","Muć","milites, mulieres, tria nomina, viri",43.6922,16.5206,1
"106",1068,469023,"EDCS-09300467","HD012300",71,130,"Raecio / Eumolpo","Raecio Eumolpo","epitaph","epitaph","stele","Dalmatia","Dalmatia","Grusine, Sibenik","Rider","Šibenik","tria nomina, viri",43.7034,16.0486,1
"107",2305,470303,"EDCS-10000880","HD012025",71,130,"C(aius) Veronius Aet/or v(ivus) f(ecit) sibi et Veturi/ae Ae&lt;t=I&gt;ae uxori e&lt;t=I&gt; Ce&lt;u&gt;n/o &lt;f=E&gt;(ilio) e&lt;t=I&gt; C(aio) Iulio nepoti ","Caius Veronius Aetor vivus fecit sibi et Veturiae Ae lt t gt ae uxori e lt t gt Ce lt u gt no lt f gt ilio e lt t gt Caio Iulio nepoti","epitaph","epitaph","stele","Dalmatia","Dalmatia","Podgrade / Asseria","Alveria","Lišane Ostrovičke","mulieres, nomen singulare, praenomen et nomen, tria nomina, viri",43.9937,15.8139,1
"108",6476,474933,"EDCS-31900273","HD054443",71,130,"C(aio) Publicio / Romano / decur(ioni) ann(orum) XXX / C(aio) Licinio Expectato / Publiciae Iluricae / ann(orum) V infelicissima / mater fili(i)s et nepotiae / v(iva) f(ecit) et pater infelix senex","Caio Publicio Romano decurioni annorum XXX Caio Licinio Expectato Publiciae Iluricae annorum V infelicissima mater filiis et nepotiae viva fecit et pater infelix senex","epitaph","epitaph","stele","Dalmatia","Dalmatia","Vid / Narona","Narona","Metković","mulieres, ordo decurionum, tria nomina, viri",43.0801,17.625,1
"109",15,467916,"EDCS-28600173","HD060187",1,150,"M(arco) Servenio / Punico posuit / M(arcus) Servenius / Doctus fil(ius)","Marco Servenio Punico posuit Marcus Servenius Doctus filius","epitaph","epitaph","stele","Dalmatia","Dalmatia","?","Iader","Zadar","tria nomina, viri",44.115501,15.223778,1
"110",307,468237,"EDCS-31200507","HD061396",1,150,"------] / [---]N[---]SI(?)I(?) / [--- testa]ment(o) f(ieri) [i(ussit)]","N SII testamento fieri iussit","epitaph","epitaph","stele","Dalmatia","Dalmatia","Burnum","Burnum","Kistanje",NA,44.0317,15.9936,1
"111",519,468463,"EDCS-28300102","HD062404",1,150,"Pantoni La/vinciae Pl/atoris f(iliae) / Apludi Stati/ci dec(urionis) uxo/r(i) h(ic) e(st) s(ita) an(norum) / XLV","Pantoni Lavinciae Platoris filiae Apludi Statici decurionis uxori hic est sita annorum XLV","epitaph","epitaph","stele","Dalmatia","Dalmatia","Danilo Gornje / Rider","Rider","Šibenik","mulieres, nomen singulare, ordo decurionum, tria nomina, viri",43.7034,16.0486,1
"112",565,468509,"EDCS-29900116","HD033205",1,150,"Toitmio Iomene/ta Le[dr]i [f]ilia / annorum XX","Toitmio Iomeneta Ledri filia annorum XX","epitaph","epitaph","stele","Dalmatia","Dalmatia","Danilo Gornje / Rider","Rider","Šibenik","mulieres, nomen singulare, viri",43.7034,16.0486,1
"113",597,468542,"EDCS-10000807","HD034278",1,150,"------] / Boria(e?) f(ili-)(?) / ann(orum) XL","Boriae fili annorum XL","epitaph","epitaph","stele","Dalmatia","Dalmatia","Danilo Gornje / Rider","Rider","Šibenik","mulieres",43.7034,16.0486,1
"114",599,468544,"EDCS-10000812","HD034280",1,150,"Mican[o?] / Curban[ia] / Aplini[s f(ilia)] / [------","Micano Curbania Aplinis filia","epitaph","epitaph","stele","Dalmatia","Dalmatia","Danilo Gornje / Rider","Rider","Šibenik","mulieres, viri",43.7034,16.0486,1
"115",762,468712,"EDCS-10100785","HD034125",1,150,"[-]F[---]M[---] / CAP[---] / milit(i) l[eg(ionis) ---] / stip[e]n[diorum] / XO[---] / VIII[---] / h(ic) [s(itus) e(st)]","F M CAP militi legionis stipendiorum XO VIII hic situs est","epitaph","epitaph","stele","Dalmatia","Dalmatia","Duklja / Duklje / Rusevine / Doclea","Doclea","Podgorica","milites, viri",42.469,19.2615,1
"116",811,468763,"EDCS-28300047","HD058829",1,150,"C(aius) Laberius f(ilius?) / [---]es ann(orum) VII / h(ic) s(itus) e(st) / hunc titulum posuit tibi fidus amicus ultuma(!) / quae potui debita pers[o]lvi / non dolere mater faciundum fuit properavit / aetas voluit hoc astrum meum vale et priores / aetate(?) te tollant hunc luctum tibi","Caius Laberius filius es annorum VII hic situs est hunc titulum posuit tibi fidus amicus ultuma quae potui debita persolvi non dolere mater faciundum fuit properavit aetas voluit hoc astrum meum vale et priores aetate te tollant hunc luctum tibi","epitaph","epitaph","stele","Dalmatia","Dalmatia","Gardun / Tilurium","Tilurium","Trilj","tria nomina, viri",43.6139,16.689,1
"117",835,468787,"EDCS-31900027","HD058792",1,150,"------] / |(centuria) F[lavi?] / Ver[ecundi?] / heres [---] / ex [t(estamento)? f(aciendum)? c(uravit)?]","centuria Flavi Verecundi heres ex testamento faciendum curavit","epitaph","epitaph","stele","Dalmatia","Dalmatia","Gardun / Tilurium","Tilurium","Trilj","milites, tria nomina, viri",43.6139,16.689,1
"118",850,468802,"EDCS-32700490","HD058774",1,150,"[---]etisulanu[s] / [---]FLEA(?)[---] / [---]I(?)[--]I(?)E(?)S / [------] / [------] / [---] |(centuria) [---] / [---]S[---] / [--- fr]ater(?) [f]ratr[i](?)","etisulanus FLEA I IES centuria S frater fratri","epitaph","epitaph","stele","Dalmatia","Dalmatia","Gardun / Tilurium","Tilurium","Trilj","milites, viri",43.6139,16.689,1
"119",1223,469187,"EDCS-10000846","HD034384",1,150,"P(ublius) Ceri[sius?] / P(ubli) f(ilius) Sab(atina) I(?)[---] / Fa(---) mil(es) [---] ann(orum) XL [---] / [------","Publius Cerisius Publi filius Sabatina I Fa miles annorum XL","epitaph","epitaph","stele","Dalmatia","Dalmatia","Ivosevci / Burnum","Burnum","Kistanje","milites, tria nomina, viri",44.0317,15.9936,1
"120",1387,469354,"EDCS-31400643","HD058907",1,150,"C(aius) Manlius / C(ai) l(ibertus) / Honesimus / ann(orum) L / h(ic) s(itus) e(st)","Caius Manlius Cai libertus Honesimus annorum L hic situs est","epitaph","epitaph","stele","Dalmatia","Dalmatia","Kiseljak","NULL","Kiseljak","liberti/libertae, tria nomina, viri",43.9438172,18.0782775,1
"121",1587,469564,"EDCS-28400388","HD057961",1,150,"------] / [--- Tu]ri f(ili-) / [---] sibi et / [---] Volsoni vir(o) // [---]is f(ilio) Turo patri / [--- V]olsonis f(iliae) Fatae / [m]atri / [---]us faciundum / [cura]vit","Turi fili sibi et Volsoni viro is filio Turo patri Volsonis filiae Fatae matri us faciundum curavit","epitaph","epitaph","stele","Dalmatia","Dalmatia","Krk, Otok / Curictae","Curicum","Baška","mulieres, nomen singulare, viri",44.9742,14.7407,1
"122",1736,469714,"EDCS-30600568","HD058363",1,150,"Primus Tit{t}i / f(ilius) tubicen do(mo) / Caturix mil(es) / coh(ortis) III Alp(inorum) / an(norum) XLIIX st/ip(endiorum) XXIII h(ic) s(itus) e(st) / t(estamento) f(ieri) i(ussit) L(ucius) optio / et Tullius ve/ter(anus) h(eredes) p(osuerunt)","Primus Titti filius tubicen domo Caturix miles cohortis III Alpinorum annorum XLIIX stipendiorum XXIII hic situs est testamento fieri iussit Lucius optio et Tullius veteranus heredes posuerunt","epitaph","epitaph","stele","Dalmatia","Dalmatia","Ljubuski / Mlade / Bigeste","NULL","Ljubuški","milites, nomen singulare, viri",43.1904758,17.540558,1
"123",1738,469716,"EDCS-30600570","HD058395",1,150,"Mopsus / Sex(ti) Vari ser(vus) / annor(um) XIIX / hic situs / [------","Mopsus Sexti Vari servus annorum XIIX hic situs","epitaph","epitaph","stele","Dalmatia","Dalmatia","Ljubuski / Mlade / Bigeste","Bigeste","Ljubuški, bei","nomen singulare, praenomen et nomen, servi/servae, viri",43.1818,17.5271,1
"124",1872,469858,"EDCS-28400119","HD034503",1,150,"[M(arco)] Fulvio / [-] f(ilio) Cl(audia) Ru/[f]o aedi[li]","Marco Fulvio filio Claudia Rufo aedili","epitaph","epitaph","stele","Dalmatia","Dalmatia","Nadin / Nedinum","Nedinum","Benkovac","ordo decurionum, tria nomina, viri",44.0721,15.5095,1
"125",2287,470285,"EDCS-32300055","HD058311",1,150,"Q(uintus) Publicius / et Fl(avia) Primula / Augustioni de/licato suo Dis / Manibus","Quintus Publicius et Flavia Primula Augustioni delicato suo Dis Manibus","epitaph","epitaph","stele","Dalmatia","Dalmatia","Podgrade / Asseria","NULL","Stankovci","nomen singulare, praenomen et nomen, viri",44.0203427,15.669073,1
"126",2292,470290,"EDCS-10000298","HD033244",1,150,"Vadica Apli / f(ilia) Titua v(iva) f(ecit) / sibi et Pasinae / Q(uinti) f(iliae) Voltisae / matri suae / adiutorio Aetoris et / Ceuni Vadicis fecerun(t)","Vadica Apli filia Titua viva fecit sibi et Pasinae Quinti filiae Voltisae matri suae adiutorio Aetoris et Ceuni Vadicis fecerunt","epitaph","epitaph","stele","Dalmatia","Dalmatia","Podgrade / Asseria","Asseria","Benkovac","mulieres, nomen singulare, tria nomina, viri",44.0103,15.6844,1
"127",5999,474444,"EDCS-10101947","HD035298",1,150,"G(aius) Octavius / Pude(n)s solo / suo / h(ic) s(itus) est","Gaius Octavius Pudens solo suo hic situs est","epitaph","epitaph","stele","Dalmatia","Dalmatia","Solta, Otok / Solentia","Solentia, insula","Šolta","milites, tria nomina",43.3972,16.2752,1
"128",6005,474450,"EDCS-10101953","HD035303",1,150,"C(urtia) Severa / an(n)o(rum) XL / h(ic) s(ita) / Priscilla / matri / [s]u(a)e / [b(ene)] m(erenti)","Curtia Severa annorum XL hic sita Priscilla matri suae bene merenti","epitaph","epitaph","stele","Dalmatia","Dalmatia","Solta, Otok / Solentia","Solentia, insula","Šolta","mulieres, nomen singulare, tria nomina",43.3972,16.2752,1
"129",6227,474674,"EDCS-10100895","HD033015",1,150,"Mebdius / Corvin[us] / mil(es) co[h(ortis)] X / pr[aet(oriae) Bracar]aug/us[ta] ann[orum] / XXV[--- stip(endiorum)] / VII[I?] h(ic) s(itus) e(st) / T[---] / F[eli]x he[r]es","Mebdius Corvinus miles cohortis X praetoriae Bracaraugusta annorum XXV stipendiorum VIII hic situs est T Felix heres","epitaph","epitaph","stele","Dalmatia","Dalmatia","Trilj / Tilurium","Tilurium","Trilj","milites, tria nomina, viri",43.6139,16.689,1
"130",6529,474986,"EDCS-10000672","HD033963",1,150,"Fab(ia) Silvina / astrosa mater / Q(uinto) Iul(io) Clem(entino) an(norum) XXX / Q(uinto) Iul(io) Fer(oci) an(norum) VIII / Q(uinto) Iul(io) Sev(ero) an(norum) II / Q(uinto) Iul(io) Clem(enti) coniug(i) / v(iva) f(ecit)","Fabia Silvina astrosa mater Quinto Iulio Clementino annorum XXX Quinto Iulio Feroci annorum VIII Quinto Iulio Severo annorum II Quinto Iulio Clementi coniugi viva fecit","epitaph","epitaph","stele","Dalmatia","Dalmatia","Vid / Narona","Narona","Metković","mulieres, tria nomina, viri",43.0801,17.625,1
"131",6867,475328,"EDCS-10000920","HD034578",1,150,"C(aius) Iulius / Atticus / sibe(!) et suis / in fr(onte) p(edes) X in / agr(o) p(edes) XV","Caius Iulius Atticus sibe et suis in fronte pedes X in agro pedes XV","epitaph","epitaph","stele","Dalmatia","Dalmatia","Zadar / Iader","Aenona","Nin","tria nomina, viri",44.2435,15.1842,1
"132",6871,475332,"EDCS-10000924","HD034582",1,150,"------] / L(ucius) I[---] / L(uci) f(ilius) Se[---] / matr[i ---] / feci[t ---] / [------?","Lucius I Luci filius Se matri fecit","epitaph","epitaph","stele","Dalmatia","Dalmatia","Zadar / Iader","Aenona","Nin","mulieres, praenomen et nomen, viri",44.2435,15.1842,1
"133",6512,474969,"EDCS-32500119","HD060607",14,150,"Pub[liciae] / Cle[mentillae] / C(aius) Pub[licius ---] / fra[ter ---] / vivo[s! et sibi et] / C(aio) Pub[licio ---] / IIIIIIv[iro --- et] / Publ[iciae ---] / par[entibus ---]","Publiciae Clementillae Caius Publicius frater vivos et sibi et Caio Publicio IIIIII viro et Publiciae parentibus","epitaph","epitaph","stele","Dalmatia","Dalmatia","Vid / Narona","Narona","Metković","mulieres, seviri Augustales, tria nomina, viri",43.0801,17.625,1
"134",85,468009,"EDCS-30000208","HD058593",42,150,"L(ucius) Pescennius / L(uci) f(ilius) Fal(erna) Satur/ninus vet(eranus) leg(ionis) / XI C(laudiae) p(iae) f(idelis) v(ivus) f(ecit) sibi et / Mariae Sp(uri) f(iliae) Quin/tae con[iugi] / be[ne merenti]","Lucius Pescennius Luci filius Falerna Saturninus veteranus legionis XI Claudiae piae fidelis vivus fecit sibi et Mariae Spuri filiae Quintae coniugi bene merenti","epitaph","epitaph","stele","Dalmatia","Dalmatia","Bihac / Raetinium","Siculi","Kaštela","milites, mulieres, tria nomina, viri",43.5306,16.3004,1
"135",371,468312,"EDCS-27400583","HD053304",51,150,"M(arco) Pomenti/no M(arci) f(ilio) Trom(entina) / Turboni IIvi(ro) i(ure) d(icundo) / et M(arco) Pomentino / Boriae f(ilio) ann(orum) XVIII / Pomentina Tertul/la patri et fratri / pientissimis fecit","Marco Pomentino Marci filio Tromentina Turboni II viro iure dicundo et Marco Pomentino Boriae filio annorum XVIII Pomentina Tertulla patri et fratri pientissimis fecit","epitaph","epitaph","stele","Dalmatia","Dalmatia","Cavtat / Epidaurum","Epidaurum","Konavle","mulieres, ordo decurionum, tria nomina, viri",42.5848,18.2137,1
"136",2540,470542,"EDCS-30200149","HD058349",51,150,"Vercaius Me/[n?]di f(ilius) eques / ala nova Cla/udia [t(urma)? L?]icini(?) / domo Varcia/nus anno[r(um) ---] / stupendior(um)(!) XX(?) / h(ic) s(itus) e(st) posuit Max/imus Regini f(ilius)","Vercaius Mendi filius eques ala nova Claudia turma Licini domo Varcianus annorum stupendiorum XX hic situs est posuit Maximus Regini filius","epitaph","epitaph","stele","Dalmatia","Dalmatia","Ruzic / Balijna Glavica / Municipium Magnum","Municipium Magnum","Ružić","milites, nomen singulare, viri",43.8047,16.2988,1
"137",6000,474445,"EDCS-10101948","HD025135",51,150,"------ fili]o / [--- infelicis]sim(a) mater / [aetatis pr]imo qui mihi flore / peri(i)t percussus cornu bubus / dum pabula ponit / ad quem dum curro dum(!) miser ante(!) peri(i)t / infelixs(!) genetrix Diti tria funera duxsi(!) / lugebam natas cum mihi natus obi(i)t / quod superest matri saltem concedite / Manes / ut sint qui voltus post mea fata premant / M(arci) Octavi Pulli f(ili) Rufi","filio infelicissima mater aetatis primo qui mihi flore periit percussus cornu bubus dum pabula ponit ad quem dum curro dum miser ante periit infelixs genetrix Diti tria funera duxsi lugebam natas cum mihi natus obiit quod superest matri saltem concedite Manes ut sint qui voltus post mea fata premant Marci Octavi Pulli fili Rufi","epitaph","epitaph","stele","Dalmatia","Dalmatia","Solta, Otok / Solentia","Solentia, insula","Šolta","mulieres, nomen singulare, tria nomina",43.3972,16.2752,1
"138",6334,474785,"EDCS-10101816","HD035229",51,150,"Turoni Sta/tari(a)e Turi f(iliae) / h(ic) s(itae)","Turoni Statariae Turi filiae hic sitae","epitaph","epitaph","stele","Dalmatia","Dalmatia","Veli Bijac / Bijaci / Bijaca / Siculi","Siculi","Kaštela","mulieres, nomen singulare, tria nomina, viri",43.5306,16.3004,1
"139",6545,475002,"EDCS-10100833","HD034177",51,150,"C(aio) Iunio / C(ai) l(iberto) Cisso / IIIIIIvir(o) / collegium / fabrum","Caio Iunio Cai liberto Cisso IIIIII viro collegium fabrum","epitaph","epitaph","stele","Dalmatia","Dalmatia","Vid / Narona","Narona","Metković","liberti/libertae, officium/professio, seviri Augustales, tria nomina, viri",43.0801,17.625,1
"140",867,468819,"EDCS-67300045","HD056036",71,150,"------] / [---]AV[-] / [---] et(?) Cato/ni con(iugi) et / nepoti an(norum) / XXX et Das/[si]o(?) an(norum) XXV / [---] et / [------","AV et Catoni coniugi et nepoti annorum XXX et Dassio annorum XXV et","epitaph","epitaph","stele","Dalmatia","Dalmatia","Glamoc / Municipium Salvium","Municipium Salvium","Glamoč","mulieres, nomen singulare, viri",44.1301,16.8281,1
"141",2244,470242,"EDCS-30101172","HD045068",71,150,"[---]fuius T(iti) f(ilius) Cla(udia) / [---]uter t(estamento) f(ieri) i(ussit) / [---]io [---] / [--- sibi?] et su[is]","fuius Titi filius Claudia uter testamento fieri iussit io sibi et suis","epitaph","epitaph","stele","Dalmatia","Dalmatia","Podgrade / Asseria","Asseria","Benkovac","tria nomina, viri",44.0103,15.6844,1
"142",261,468190,"EDCS-10100680","HD033998",101,150,"D(is) M(anibus) / [------","Dis Manibus","epitaph","epitaph","stele","Dalmatia","Dalmatia","Brodarevo","NULL","Prijepolje",NA,43.2309869,19.7176308,1
"143",262,468191,"EDCS-10100681","HD033999",101,150,"[D(is)] M(anibus) / [------","Dis Manibus","epitaph","epitaph","stele","Dalmatia","Dalmatia","Brodarevo","NULL","Prijepolje",NA,43.2309869,19.7176308,1
"144",286,468216,"EDCS-10100489","HD033742",101,150,"D(is) M(anibus) / C(aio) T[essio] Mar/cell[i]no p[---] / [q(ui) vixit?] an(nos) XXII[---] / C(aio) Tes(sio) Paterno / [---]co[---]iov / [vix(it)] ann(os) VIII / Ulp(ia) Ma[rci f(ilia)?] Bi/dna(?) filio [---]t / marito / pientissimis","Dis Manibus Caio Tessio Marcellino p qui vixit annos XXII Caio Tessio Paterno co iov vixit annos VIII Ulpia Marci filia Bidna filio t marito pientissimis","epitaph","epitaph","stele","Dalmatia","Dalmatia","Bukovica / Domavium","NULL","Ljubovija","mulieres, tria nomina, viri",43.2286111,18.1138889,1
"145",328,468258,"EDCS-31200529","HD051034",101,150,"L(ucio) Arrun/tio / Maroni / [------","Lucio Arruntio Maroni","epitaph","epitaph","stele","Dalmatia","Dalmatia","Burnum","Asseria","Benkovac","tria nomina, viri",44.0103,15.6844,1
"146",823,468775,"EDCS-30100407","HD056324",101,150,"------]EMANS / [---] Platoris / [Da?]esitias vexill(arius) / [e]quit(um) coh(ortis) I Belgar(um) / turma Valeri / Proculi ann(orum) XLV / stipendior(um) XXIV h(ic) s(itus) e(st) / fieri curavit Iulia Ves(---) / coniunx","EMANS Platoris Daesitias vexillarius equitum cohortis I Belgarum turma Valeri Proculi annorum XLV stipendiorum XXIV hic situs est fieri curavit Iulia Ves coniunx","epitaph","epitaph","stele","Dalmatia","Dalmatia","Gardun / Tilurium","Tilurium","Trilj","mulieres, nomen singulare, tria nomina, viri",43.6139,16.689,1
"147",1096,469054,"EDCS-10100871","HD027216",101,150,"[Das]sius Bastarni / [f(ilius) do]mo Maezaeus / [mile]s coh(ortis) I Belgarum |(centuria) / [Rest]ituti sig(nifer) annor(um) / [---] stip(endiorum) XV t(estamento) f(ieri) i(ussit) cura/[vit] Valerius Maxi/[min]us heres","Dassius Bastarni filius domo Maezaeus miles cohortis I Belgarum centuria Restituti signifer annorum stipendiorum XV testamento fieri iussit curavit Valerius Maximinus heres","epitaph","epitaph","stele","Dalmatia","Dalmatia","Hardomilje / Bigeste","Bigeste","Ljubuški","milites, nomen singulare, tria nomina, viri",43.1818,17.5271,1
"148",1284,469250,"EDCS-66200106","HD057925",101,150,"Dis Manibus / [---]is H(?)A(?)ER / [---]Q V&lt;e=I&gt;rin(a)e / [---]C con/[iugi ---] / [------? ","Dis Manibus is HAER Q V lt e gt rinae C coniugi","epitaph","epitaph","stele","Dalmatia","Dalmatia","Jurandvor","Curicum","Baška","mulieres, viri",44.9742,14.7407,1
"149",1808,469793,"EDCS-41600117","HD064368",101,150,"D(is) M(anibus) s(acrum) / M(arcus) Ulp(ius) / Iustus / v(ixit) an(nos) XI / h(ic) s(itus) e(st) / Ulpius / Pris/cus pater / faciendum / curavit","Dis Manibus sacrum Marcus Ulpius Iustus vixit annos XI hic situs est Ulpius Priscus pater faciendum curavit","epitaph","epitaph","stele","Dalmatia","Dalmatia","Margegaj","NULL","Tropojë","tria nomina, viri",42.3723673,20.0772378,1
"150",2565,470567,"EDCS-10000200","HD032896",101,150,"D(is) M(anibus) / Ulpia Pa/ula viva / [si]bi e[t] / [------","Dis Manibus Ulpia Paula viva sibi et","epitaph","epitaph","stele","Dalmatia","Dalmatia","Sarajevo / Aquae S[]","NULL","Sarajevo, Centar","mulieres, tria nomina",43.8519774,18.3866868,1
"151",6009,474455,"EDCS-10000641","HD014827",131,150,"Maximinus / sculpet(!) // D(is) M(anibus) // Leo et Quartil[la] / parentes miseri posu(erunt) / Lup(a)e fili(a)e infelicis(s)i/m(a)e annorum XXII / h(oc) m(onumentum) h(eredem) n(on) s(equetur)","Maximinus sculpet Dis Manibus Leo et Quartilla parentes miseri posuerunt Lupae filiae infelicissimae annorum XXII hoc monumentum heredem non sequetur","epitaph","epitaph","stele","Dalmatia","Dalmatia","Sovici","NULL","Grude","mulieres, nomen singulare, viri",43.4024187,17.3306923,1
"152",2094,470089,"EDCS-08500507","HD000322",71,170,"Q(uinto) Valerio / Quadra/to an(norum) LXI / L(ucius) Val(erius) Celer / [------","Quinto Valerio Quadrato annorum LXI Lucius Valerius Celer","epitaph","epitaph","stele","Dalmatia","Dalmatia","Pljevlja / Komini / Municipium Splonistarum","Municipium S[---]","Pljevlja","tria nomina, viri",43.3424,19.3204,1
"153",53,467976,"EDCS-27800515","HD042090",131,170,"D(is) M(anibus) / M(arcus) Lusius Ce/rdo sibi et / co(n)iugi suae / vivis pos(uit)","Dis Manibus Marcus Lusius Cerdo sibi et coniugi suae vivis posuit","epitaph","epitaph","stele","Dalmatia","Moesia inferior","Beli / Caisole / Crexa","Nicopolis ad Istrum","Polski Trâmbeš","mulieres, tria nomina, viri",43.7009,24.8947,1
"154",214,468141,"EDCS-31400215","HD055955",131,170,"D(is) M(anibus) / P(ublius) Ael(ius) Iustus / d(e)c(urio) m(unicipii) Bist(uensis) / et Ael(ia) Procula / coniux vivi sibi / posuerunt","Dis Manibus Publius Aelius Iustus decurio municipii Bistuensis et Aelia Procula coniux vivi sibi posuerunt","epitaph","epitaph","stele","Dalmatia","Dalmatia","Brca","NULL","Travnik","mulieres, ordo decurionum, tria nomina, viri",42.1321157,19.0671192,1
"155",230,468159,"EDCS-03700656","HD040066",1,200,"[---] Rufo / Tit(ae) matri / Titu(a) vi(va) f(ecit)","Rufo Titae matri Titua viva fecit","epitaph","epitaph","stele","Dalmatia","Dalmatia","Bribir / Bribirska Glavica / Varvaria","Varvaria","Skradin","mulieres, nomen singulare, viri",43.8892,15.9051,1
"156",619,468565,"EDCS-10000209","HD032914",1,200,"------] / r[---] / tes[tamento f(ieri) i(ussit)]","r testamento fieri iussit","epitaph","epitaph","stele","Dalmatia","Dalmatia","Doci","NULL","Vitez",NA,44.1661984,17.7534084,1
"157",732,468682,"EDCS-29900105","HD003532",1,200,"D(is) Ma(nibus) s(acrum) / Aur(elio) Verzaiio / liberto q(ui) / vixsit(!) an/nis LXXXV","Dis Manibus sacrum Aurelio Verzaiio liberto qui vixsit annis LXXXV","epitaph","epitaph","stele","Dalmatia","Dalmatia","Duklja / Duklje / Rusevine / Doclea","NULL","Berane","liberti/libertae, tria nomina, viri",42.4686384,19.2654984,1
"158",787,468739,"EDCS-00380793","HD039987",1,200,"[Tattaris] / [Veneti fil(ius)? et] / Temus B[a]/tonis fil(ia) / Narensai(!) / Annaei ann(orum) / XXV hic sita / est","Tattaris Veneti filius et Temus Batonis filia Narensai Annaei annorum XXV hic sita est","epitaph","epitaph","stele","Dalmatia","Dalmatia","Gacko","NULL","Gacko","mulieres, nomen singulare, tria nomina, viri",43.1681651,18.5324678,1
"159",1455,469428,"EDCS-30301423","HD058302",1,200,"D(is) M(anibus) / [------","Dis Manibus","epitaph","epitaph","stele","Dalmatia","Dalmatia","Knin / Burnum","Ninia","Knin, bei",NA,44.0408,16.1994,1
"160",1665,469642,"EDCS-41600068","HD064384",1,200,"Alfisius Meni","Alfisius Meni","votive inscription","votive inscription","stele","Dalmatia","Dalmatia","Lezhe / Lest / Lissus","Lissus","Lezha","viri",41.7797,19.6468,1
"161",1699,469676,"EDCS-51400005","HD065016",1,200,"D(is) M(anibus) Ar(ria?) Ner(?)[---] / sibi et Ar(rrio?) Pla/tori co(n)iu[gi] / vivi sibi fe[c(erunt)]","Dis Manibus Arria Ner sibi et Arrrio Platori coniugi vivi sibi fecerunt","epitaph","epitaph","stele","Dalmatia","Dalmatia","Livno / Bariduum / Delminium","Pelva","Livno","mulieres, tria nomina, viri",43.871,16.7779,1
"162",2717,470720,"EDCS-10000293","HD033235",1,200,"L(ucius) B(---) V(---) / a(nnorum) VI","Lucius B V annorum VI","epitaph","epitaph","stele","Dalmatia","Dalmatia","Skradin / Scardona","Scardona","Skradin","tria nomina, viri",43.8227,15.9208,1
"163",6713,475172,"EDCS-04900834","HD040272",1,200,"Ursecis / Ti[---] / [------","Ursecis Ti","epitaph","epitaph","stele","Dalmatia","Dalmatia","Zadar / Iader","Iader","Zadar","mulieres, nomen singulare, viri",44.115501,15.223778,1
"164",1756,469734,"EDCS-57200041","HD054131",51,200,"D(is) M(anibus) s(acrum) / Magiae Laeti/nae annor/um XXVIIII / C(aius) Magius / Vale(n)s et Si/lia Laeta pa/rentes fili/ae piissimae / sibi et suis / vivi feceru/nt","Dis Manibus sacrum Magiae Laetinae annorum XXVIIII Caius Magius Valens et Silia Laeta parentes filiae piissimae sibi et suis vivi fecerunt","epitaph","epitaph","stele","Dalmatia","Dalmatia","Lovorno / Epidaurum","Epidaurum","Konavle","mulieres, tria nomina, viri",42.5848,18.2137,1
"165",6617,475076,"EDCS-10100880","HD034254",51,200,"M(arco) Antonio / Maximo signif(ero) / veter(ano) leg(ionis) XI C(laudiae) p(iae) f(idelis) / annor(um) L stip(endiorum) XXX / et Iuliae Sabinae / C(aius) Antonius / Augurinus / filius f(aciendum) c(uravit)","Marco Antonio Maximo signifero veterano legionis XI Claudiae piae fidelis annorum L stipendiorum XXX et Iuliae Sabinae Caius Antonius Augurinus filius faciendum curavit","epitaph","epitaph","stele","Dalmatia","Dalmatia","Vitina","NULL","Ljubuški","milites, mulieres, tria nomina, viri",43.2403439,17.4773288,1
"166",6722,475181,"EDCS-51400015","HD065014",71,200,"L(ucius) Peticius L(uci) lib(ertus) / Helius v(ivus) f(ecit) sibi et / suis et Fabiae / Veneriae uxori","Lucius Peticius Luci libertus Helius vivus fecit sibi et suis et Fabiae Veneriae uxori","epitaph","epitaph","stele","Dalmatia","Dalmatia","Zadar / Iader","Iader","Zadar","liberti/libertae, mulieres, tria nomina, viri",44.115501,15.223778,1
"167",246,468175,"EDCS-10000839","HD034378",101,200,"------] / [V?]era[tiae?] / Quin/tin(a)e c(oniugi) / c(arissimae) an(norum) [--]/X / b(ene) m(erenti) f(ecit)","Veratiae Quintinae coniugi carissimae annorum X bene merenti fecit","epitaph","epitaph","stele","Dalmatia","Dalmatia","Bribir / Bribirska Glavica / Varvaria","Varvaria","Skradin","mulieres, tria nomina, viri",43.8892,15.9051,1
"168",640,468587,"EDCS-14800167","HD039849",101,200,"P(ublius) Quintilius Fortunatus / P(ublius) Quintilius Valens f(ilius) / [et?] Quinta f(ilia) / [fece]runt","Publius Quintilius Fortunatus Publius Quintilius Valens filius et Quinta filia fecerunt","epitaph","epitaph","stele","Dalmatia","Dalmatia","Donji Brisnik / Delminium","Delminium","Tomislavgrad","mulieres, nomen singulare, tria nomina, viri",43.7183,17.2302,1
"169",770,468720,"EDCS-10100793","HD007932",101,200,"L(ucio) Titio Cl(---) / [------] / [------] / [------] / [------]","Lucio Titio Cl","epitaph","epitaph","stele","Dalmatia","Dalmatia","Duklja / Duklje / Rusevine / Doclea","Doclea","Podgorica","tria nomina, viri",42.469,19.2615,1
"170",1181,469145,"EDCS-28300169","HD039884",101,200,"D(is) Man(ibus) sac(rum) / [C(ai) M]aeloni(?) C(ai) l(iberto) / Celeris(?) domo / Arretio an(norum) LXX / [Ma]elonius(?) Erastus / patrono p(osuit)","Dis Manibus sacrum Cai Maeloni Cai liberto Celeris domo Arretio annorum LXX Maelonius Erastus patrono posuit","epitaph","epitaph","stele","Dalmatia","Dalmatia","Ivosevci / Burnum","Burnum","Kistanje","liberti/libertae, tria nomina, viri",44.0317,15.9936,1
"171",1259,469223,"EDCS-30301373","HD033932",101,200,"[--- Ae]l(io) Proc(u)lo / [---]bass[---]h[---]n / [---]qo et Ael(io) / [---] Aeli(us) Io/[---]tus Quartus / [---]s pientissimis / [--- pos]uerunt","Aelio Proculo bass h n qo et Aelio Aelius Io tus Quartus s pientissimis posuerunt","epitaph","epitaph","stele","Dalmatia","Dalmatia","Jakir","Municipium Salvium","Glamoč","tria nomina, viri",44.1301,16.8281,1
"172",1285,469251,"EDCS-10000206","HD032905",101,200,"------] / [------] / [--- ann]or(um) XX / [---]OPL / [--- p]os(uit?)","annorum XX OPL posuit","epitaph","epitaph","stele","Dalmatia","Dalmatia","Kakanj","NULL","Kakanj",NA,44.1301029,18.1189478,1
"173",1287,469253,"EDCS-41600128","HD064376",101,200,"D(is) M(anibus) s(acrum) / Falia Murci f(ilia) viva / memoriam fecit sibe(!) / et fili(i)s suis","Dis Manibus sacrum Falia Murci filia viva memoriam fecit sibe et filiis suis","epitaph","epitaph","stele","Dalmatia","Dalmatia","Kalldrun","NULL","Malësi e Madhe","mulieres, nomen singulare, viri",42.2043216,19.4107265,1
"174",1516,469489,"EDCS-32500109","HD056807",101,200,"D(is) M(anibus) / P(ublio) Ael(io) Pro/bo defun/cto ann(orum) / IV[---] MA/[---]AMA/[---]o fi/[lio f]ecit","Dis Manibus Publio Aelio Probo defuncto annorum IV MA AMA o filio fecit","epitaph","epitaph","stele","Dalmatia","Dalmatia","Konjic","NULL","Konjic","mulieres, tria nomina, viri",43.6534733,17.9624801,1
"175",1819,469804,"EDCS-10000783","HD034260",101,200,"M(arc-) M[---] / C(ai) f(ili-) T[---] / XXVI[---] / [------","Marc M Cai fili T XXVI","epitaph","epitaph","stele","Dalmatia","Dalmatia","Maslovare","NULL","Novi Grad","tria nomina, viri",44.5634184,17.5341165,1
"176",1978,469964,"EDCS-56900091","HD057038",101,200,"D(is) M(anibus) / Celtemio / v(ixit) a(nnos) LXX Titus / Plati v(ivus) t(itulum) v(ivo) i(psi) p(osuit) / s(ibi) e(t) cont(ubernali)","Dis Manibus Celtemio vixit annos LXX Titus Plati vivus titulum vivo ipsi posuit sibi et contubernali","epitaph","epitaph","stele","Dalmatia","Dalmatia","Nova Varos","NULL","Nova Varoš","nomen singulare, servi/servae, viri",43.4597045,19.8154494,1
"177",2055,470048,"EDCS-32500110","HD056805",101,200,"D(is) M(anibus) / Aeli&lt;o=S&gt; Rufo / et Tattuiae / def(unctae) ann(orum) LX / P(ublius) Ael(ius) Verus / parentibus p(osuit) ","Dis Manibus Aeli lt o gt Rufo et Tattuiae defunctae annorum LX Publius Aelius Verus parentibus posuit","epitaph","epitaph","stele","Dalmatia","Dalmatia","Ostrozac","NULL","Jablanica","mulieres, tria nomina, viri",43.6850325,17.82552,1
"178",2173,470170,"EDCS-10100695","HD034011",101,200,"D(is) M(anibus) [s(acrum)] / Q(uintus) Ael(ius)(?) [Fau?]/st[us? ---] / et [---] / [------","Dis Manibus sacrum Quintus Aelius Faustus et","epitaph","epitaph","stele","Dalmatia","Dalmatia","Pljevlja / Komini / Municipium Splonistarum","Municipium S[---]","Pljevlja","tria nomina, viri",43.3424,19.3204,1
"179",2174,470171,"EDCS-10100696","HD034012",101,200,"D(is) [M(anibus) s(acrum)] / Ael(ius?) [---] / P[---] / [------] / [------] / [------] /[------] /[------] / S[------","Dis Manibus sacrum Aelius P S","epitaph","epitaph","stele","Dalmatia","Dalmatia","Pljevlja / Komini / Municipium Splonistarum","Municipium S[---]","Pljevlja",NA,43.3424,19.3204,1
"180",2410,470411,"EDCS-10100719","HD034027",101,200,"D(is) M(anibus) / Ael(iae) Victori/nae def(unctae) an(norum) LXXV Fl(avia) Flac/cilla / matri","Dis Manibus Aeliae Victorinae defunctae annorum LXXV Flavia Flaccilla matri","epitaph","epitaph","stele","Dalmatia","Dalmatia","Prozor / Prozor-Rama / Bistua Vetus","NULL","Prozor-Rama","mulieres, tria nomina",43.8230831,17.6076793,1
"181",2612,470615,"EDCS-10100904","HD025924",101,200,"[D(is)] M(anibus) // [M(arco) Na]evio Firmo / [dec]urioni col(oniae) / [Aequ]ensium aedili d/[uumvi]ro qui vixit ann(is) / [---] Naevio Natalioni / [patri ei]usd(em) M(arci) Naevi Fir(mi) / [qui vi]xit annis LXXX / [Cla]udia Syra / [mate]r filio piissim(o) / [et mari]to obsequentiss(imo) / p(osuit)","Dis Manibus Marco Naevio Firmo decurioni coloniae Aequensium aedili duumviro qui vixit annis Naevio Natalioni patri eiusdem Marci Naevi Firmi qui vixit annis LXXX Claudia Syra mater filio piissimo et marito obsequentissimo posuit","epitaph","epitaph","stele","Dalmatia","Dalmatia","Sinj / Osinium","Aequum","Hrvace","mulieres, ordo decurionum, tria nomina, viri",43.7423,16.6547,1
"182",2613,470616,"EDCS-10100905","HD025921",101,200,"Q(uinto) Naevio Q(uinti) fil(io) Sim[plici et ---] / Serg(io) Firmini Qui[ntilia]/no decurioni [mun(icipii) Mag]/ni aedili AIEPO [Domi]/tia(?) Marcella mater [coniug]/i et filio infel(i)cis[simis]","Quinto Naevio Quinti filio Simplici et Sergio Firmini Quintiliano decurioni municipii Magni aedili AIEPO Domitia Marcella mater coniugi et filio infelicissimis","epitaph","epitaph","stele","Dalmatia","Dalmatia","Sinj / Osinium","Aequum","Hrvace","mulieres, ordo decurionum, tria nomina, viri",43.7423,16.6547,1
"183",2614,470617,"EDCS-10100906","HD034304",101,200,"D(is) M(anibus) / Q(uinto) Plaeto/rio Q(uinti) f(ilio) Sergi/a Valenti de/functo anno/rum XV Q(uintus) Plae/torius Pud/e(n)s et Nevia / Secunda pa/rentes filio / infelicissi/mo posue/runt in fron/te p(edes) [--] in agro / [p(edes) ---]","Dis Manibus Quinto Plaetorio Quinti filio Sergia Valenti defuncto annorum XV Quintus Plaetorius Pudens et Nevia Secunda parentes filio infelicissimo posuerunt in fronte pedes in agro pedes","epitaph","epitaph","stele","Dalmatia","Dalmatia","Sinj / Osinium","Aequum","Hrvace","mulieres, tria nomina, viri",43.7423,16.6547,1
"184",6290,474740,"EDCS-10000744","HD025414",101,200,"D(is) M(anibus) / I(ulia?) Panto / I(uliae?) Statiae / nepo(ti) / b(ene) m(erenti) / [an(norum)] XXX[--] / [------?","Dis Manibus Iulia Panto Iuliae Statiae nepoti bene merenti annorum XXX","epitaph","epitaph","stele","Dalmatia","Dalmatia","Trogir / Tragurium","Tragurium","Trogir, bei","mulieres, tria nomina",43.5594,16.524,1
"185",6299,474749,"EDCS-51400047","HD065026",101,200,"[D(is)] M(anibus) / [---]tropo / [---]ILA / [------","Dis Manibus tropo ILA","epitaph","epitaph","stele","Dalmatia","Dalmatia","Trpanj","NULL","Trpanj","viri",43.0080442,17.2733543,1
"186",6433,474885,"EDCS-26600641","HD051077",101,200,"------] / [Lusia?] / Gemel(l)ina / filia Lusio / Gemel(l)ino / patri p(io) f(ecit)","Lusia Gemellina filia Lusio Gemellino patri pio fecit","epitaph","epitaph","stele","Dalmatia","Dalmatia","Vid / Narona","Narona","Metković","mulieres, tria nomina, viri",43.0801,17.625,1
"187",6543,475000,"EDCS-10100831","HD034175",101,200,"D(is) M(anibus) s(acrum) // Cl(audio) Masce/lioni an(norum) XXXIIII / IIIIIIvir(o) qui lib[er]/tatem [---]/tus [---] / et [---] / [------","Dis Manibus sacrum Claudio Mascelioni annorum XXXIIII IIIIII viro qui libertatem tus et","epitaph","epitaph","stele","Dalmatia","Dalmatia","Vid / Narona","Narona","Metković","liberti/libertae, seviri Augustales, tria nomina, viri",43.0801,17.625,1
"188",6928,500265,"EDCS-10100579","HD033871",101,200,"[Quod pate]r optabat fieri [s]ibi quod pia / [mat]er in[f]elices(!) nati(!) fec[i]t uterque pa[rentum] // D(is) M(anibus) // Aur(elio) Titiano d[ef(uncto) ann(orum) --- et] / Aur(elio) Iustiano d[ef(uncto) ann(orum) --- et] / Aur(elio) Iusto d(efuncto) a[nn(orum) --- fil(iis)] / pientis(s)imis et Suro a[l]u/mno Aur(elius) Titus et Aur(elia) M[ar]/tilla parentes et [sibi] / vivis posuerun[t]","Quod pater optabat fieri sibi quod pia mater infelices nati fecit uter que parentum Dis Manibus Aurelio Titiano defuncto annorum et Aurelio Iustiano defuncto annorum et Aurelio Iusto defuncto annorum filiis pientissimis et Suro alumno Aurelius Titus et Aurelia Martilla parentes et sibi vivis posuerunt","epitaph","epitaph","stele","Moesia superior","Dalmatia","Visnjica / Singidunum","NULL","Kiseljak","liberti/libertae, mulieres, tria nomina, viri",43.9494237,18.0402685,1
"189",632,468579,"EDCS-10100710","HD005674",131,200,"D(is) M(anibus) s(acrum) / P(ublio) Aplio Plas/so patri pientis/simo dec(urioni) m(unicipii) Dil(unti) / et A[nniae fil(iae)] infelicissi/mae def(unctae) an(norum) VIIII / P(ublius) Aplius Anni/us v(ivus) sibi et / suis fecit","Dis Manibus sacrum Publio Aplio Plasso patri pientissimo decurioni municipii Dilunti et Anniae filiae infelicissimae defunctae annorum VIIII Publius Aplius Annius vivus sibi et suis fecit","epitaph","epitaph","stele","Dalmatia","Dalmatia","Donja Trebimlja / Trebimlja","NULL","Ravno","mulieres, ordo decurionum, tria nomina, viri",43.6922,16.5206,1
"190",2106,470101,"EDCS-30600128","HD058994",131,200,"D(is) M(anibus) s(acrum) / T(ito) Aelio Scae/viano q(ui) v(ixit) / a(nnos) LXX Ae/lii Titia/nus et Ae/lianus f(ilii) p(osuerunt) / p(ro) p(ietate)","Dis Manibus sacrum Tito Aelio Scaeviano qui vixit annos LXX Aelii Titianus et Aelianus filii posuerunt pro pietate","epitaph","epitaph","stele","Dalmatia","Dalmatia","Pljevlja / Komini / Municipium Splonistarum","Municipium S[---]","Pljevlja","tria nomina, viri",43.3424,19.3204,1
"191",2575,470578,"EDCS-08900517","HD005747",131,200,"D(is) M(anibus) // Valerio / Valeriano / veterano / leg(ionis) XIIII gemin(a)e / Valerius Va/lerianus / filius patri / pientissimo","Dis Manibus Valerio Valeriano veterano legionis XIIII geminae Valerius Valerianus filius patri pientissimo","epitaph","epitaph","stele","Dalmatia","Dalmatia","Senj / Segna / Zengg / Senia","Senia","Senj","milites, tria nomina, viri",44.9931,14.902,1
"192",2598,470601,"EDCS-64100468","HD072537",131,200,"P(ublius) Coelius Pamphi/lus v(ivus) [f(ecit)] sibi et / Coeliae Muntil/lae f(iliae) def(unctae) an(norum) XXI / et P(ublio) Coelio Nici/phoro(!) f(ilio) def(uncto) / an(norum) XXVII / et Coel[i]ae Aresc[u]/sae ux[o]ri vivae","Publius Coelius Pamphilus vivus fecit sibi et Coeliae Muntillae filiae defunctae annorum XXI et Publio Coelio Niciphoro filio defuncto annorum XXVII et Coeliae Arescusae uxori vivae","epitaph","epitaph","stele","Dalmatia","Dalmatia","Sibenik / Rider","NULL","Šibenik","mulieres, tria nomina, viri",43.7337065,15.8964835,1
"193",6307,474757,"EDCS-32500126","HD031713",131,200,"D(is) M(anibus) / L(ucius) Oc(tavius) Sabinus / vet(eranus) co(h)ort(is) oc(tavae) vol(untariorum) / [e]t Aelia Titia / [vi]vi sibi fece/[r]u(nt) et Haemi/[lio! R]ufo f(ilio) et li/[berti]s suis","Dis Manibus Lucius Octavius Sabinus veteranus cohortis octavae voluntariorum et Aelia Titia vivi sibi fecerunt et Haemilio Rufo filio et libertis suis","epitaph","epitaph","stele","Dalmatia","Dalmatia","Tucepi","Laurento","Tučepi","liberti/libertae, milites, mulieres, tria nomina, viri",43.2651336,17.0580946,1
"194",615,468561,"EDCS-32500114","HD056415",151,200,"Aelia Zo/rada h(ic) s(ita) / an(norum) LX / Zanatis / et Tatta m(atri) / b(ene) m(e)r(e)nt(i)(?)","Aelia Zorada hic sita annorum LX Zanatis et Tatta matri bene merenti","epitaph","epitaph","stele","Dalmatia","Dalmatia","Dobricevo","NULL","Bileća","mulieres, nomen singulare, tria nomina, viri",44.9899459,21.3558995,1
"195",999,468952,"EDCS-10100911","HD034306",151,200,"D(is) M(anibus) / Ing(enuiae?) Vale/riae def(unctae) / ann(orum) XXV / Aur(elius) Ru/finus / coniugi / b(ene) m(erenti) pos(uit)","Dis Manibus Ingenuiae Valeriae defunctae annorum XXV Aurelius Rufinus coniugi bene merenti posuit","epitaph","epitaph","stele","Dalmatia","Dalmatia","Gornji Muc / Andetrium","Andetrium","Muć","mulieres, tria nomina, viri",43.6922,16.5206,1
"196",1841,469826,"EDCS-30301431","HD058278",151,200,"Verus Ve[---]/cae &lt;f=I&gt;(ilius) do[mo] / Bodiontius / mil(es) coh(ortis) II[I] / Alp(inorum) {a} an[nor(um) ---] / [---] stip[end(iorum) ------ ","Verus Ve cae lt f gt ilius domo Bodiontius miles cohortis III Alpinorum a annorum stipendiorum","epitaph","epitaph","stele","Dalmatia","Dalmatia","Mokro Polje / Burnum","Ninia","Knin, bei","milites, nomen singulare, viri",44.0408,16.1994,1
"197",2091,470086,"EDCS-08500505","HD000316",151,200,"D(is) M(anibus) s(acrum) / Fl(aviae) Mar/cellae q(uae) v(ixit) / a(nnos) XXXIV / Nantius / Sexti c(oniugi) b(ene) m(erenti) / p(osuit)","Dis Manibus sacrum Flaviae Marcellae quae vixit annos XXXIV Nantius Sexti coniugi bene merenti posuit","epitaph","epitaph","stele","Dalmatia","Dalmatia","Pljevlja / Komini / Municipium Splonistarum","Municipium S[---]","Pljevlja","mulieres, nomen singulare, tria nomina, viri",43.3424,19.3204,1
"198",2390,470391,"EDCS-00380809","HD040008",151,200,"------] / P(ubliae) Ael(iae) P(ubli) f(iliae) Panoni / coniugi karissi/m(a)e T(itus) Curiatius / Seneca marit[us] / IIvir q(uin)q(uennalis) Del[min(iensium)?] / [------","Publiae Aeliae Publi filiae Panoni coniugi karissimae Titus Curiatius Seneca maritus II vir quinquennalis Delminiensium","epitaph","epitaph","stele","Dalmatia","Dalmatia","Prisoje / Delminium","Delminium","Tomislavgrad","mulieres, ordo decurionum, tria nomina, viri",43.7183,17.2302,1
"199",2446,470447,"EDCS-57300131","HD053936",151,200,"Gaio Ar(r)u[nt]/io Felicis[si]/mo Sempro[n]/ia Maximill[a] / marito de[f(uncto)] / ann(orum) LXX ben[e] / merenti po[s(uit)]","Gaio Arruntio Felicissimo Sempronia Maximilla marito defuncto annorum LXX bene merenti posuit","epitaph","epitaph","stele","Dalmatia","Dalmatia","Rastevic / Nedinum","Nedinum","Benkovac","mulieres, tria nomina, viri",44.0721,15.5095,1
"200",6074,474520,"EDCS-31400680","HD060892",151,200,"------] / Ulpio Nepoti / mil(iti) coh(ortis) VIII / volunt(ariorum) bucin(atori) / def(uncto) an(norum) XXX stip(endiorum) / X Maxim(ia) Pro/cul(a) mater fil[io] / infeli[cissimo] / (h)ic(?) def(unctus)(?) E(?)[st? ---]","Ulpio Nepoti militi cohortis VIII voluntariorum bucinatori defuncto annorum XXX stipendiorum X Maximia Procula mater filio infelicissimo hic defunctus Est","epitaph","epitaph","stele","Dalmatia","Dalmatia","Stobrec / Epetino / Epetium","Pituntium","Podstrana","milites, mulieres, tria nomina, viri",43.4741,16.5681,1
"201",671,468621,"EDCS-10100853","HD027064",171,200,"D(is) M(anibus) s(acrum) / C(aio) Fresio / Valentino / veter(ano) ex |(centurione) / coh(ortis) II mil(iariae) / [Dalm(atarum) ---] / [------","Dis Manibus sacrum Caio Fresio Valentino veterano ex centurione cohortis II miliariae Dalmatarum","epitaph","epitaph","stele","Dalmatia","Dalmatia","Dubrava / Diluntum","Diluntum","Stolac","milites, tria nomina, viri",43.1138,17.8414,1
