"EDCS-ID","publication","province","place","cleaned_place","dating_from","dating_to","status","inscription","inscription_interpretive_cleaning","latitude","longitude"
"EDCS-20601178","AE 2000, 01178","Dalmatia","Bigeste","Bigeste","1","100","milites;  nomen singulare;  tituli sepulcrales;  viri","Tures Alburi / f(ilius) eq(ues) coh(ortis) I / Bracaraugus(tanorum) / ann(orum) XXV stip(endiorum) VII / h(ic) s(itus) e(st) h(eres) p(osuit)","Tures Alburi filius eques cohortis I Bracaraugustanorum annorum XXV stipendiorum VII hic situs est heres posuit","43.182222","17.528889"
"EDCS-20601179","AE 2000, 01179","Dalmatia","Bigeste","Bigeste","1","100","milites;  nomen singulare;  tituli sepulcrales;  viri","Veranus Caturonis / f(ilius) eq(ues) coh(ortis) I Bracaraug(ustanorum) / turma Tironis ann(orum) / XXXIIX stipendiorum / XVIII h(ic) s(itus) e(st) t(estamento) f(ieri) i(ussit) / h(eredes) p(osuerunt) Tiro dec(urio) et Crispus / Caturonis","Veranus Caturonis filius eques cohortis I Bracaraugustanorum turma Tironis annorum XXXIIX stipendiorum XVIII hic situs est testamento fieri iussit heredes posuerunt Tiro decurio et Crispus Caturonis","43.182222","17.528889"
"EDCS-20601180","AE 2000, 01180a","Dalmatia","Bigeste","Bigeste","70","86","milites;  sigilla impressa;  tituli fabricationis","Leg(ionis) IIII F(laviae) [F(elicis)]","Legionis IIII Flaviae Felicis","43.182222","17.528889"
"EDCS-20601181","AE 2000, 01180b","Dalmatia","Bigeste","Bigeste","1","70","milites;  sigilla impressa;  tituli fabricationis","Leg(ionis) VIII Aug(ustae)","Legionis VIII Augustae","43.182222","17.528889"
"EDCS-20601183","AE 2000, 01180d","Dalmatia","Bigeste","Bigeste","70","86","milites;  sigilla impressa;  tituli fabricationis","[L]eg(ionis) IIII F(laviae) F(elicis)","Legionis IIII Flaviae Felicis","43.182222","17.528889"
"EDCS-20601184","AE 2000, 01180e","Dalmatia","Bigeste","Bigeste","1","70","milites;  sigilla impressa;  tituli fabricationis","[Leg(ionis)] VIII Aug(ustae)","Legionis VIII Augustae","43.182222","17.528889"
"EDCS-20601174","Legio-VII 00031 = AE 2000, 01174","Dalmatia","Bigeste","Bigeste","1","100","milites;  praenomen et nomen;  tituli sepulcrales;  viri","C(aius) Licinius C(ai) f(ilius) / Fab(ia) dom(o) Sinope / vete(ranus) leg(ionis) VII an(norum) L / stip(endiorum) XXVII / h(ic) s(itus) e(st) / heredes posuer(unt)","Caius Licinius Cai filius Fabia domo Sinope veteranus legionis VII annorum L stipendiorum XXVII hic situs est heredes posuerunt","43.182222","17.528889"
"EDCS-20601175","Legio-XV-Apo 00183 = AE 1979, 00445 = AE 2000, 01175","Dalmatia","Bigeste","Bigeste","14","37","milites;  tituli sepulcrales;  tria nomina;  viri","L(ucius) Luc[3] / C(ai) f(ilius) Prim[us] / vete(ranus) leg(ionis) / XV Apolli/naris / h(ic) s(itus) e(st) / t(estamento) f(ieri) i(ussit)","Lucius Luc Cai filius Primus veteranus legionis XV Apollinaris hic situs est testamento fieri iussit","43.182222","17.528889"
"EDCS-30200433","CIL 03, 14985 = ILJug-02, 00851 = Liburnia 00137","Dalmatia","Burnum","Burnum","1","150","nomen singulare;  tituli sacri;  viri","Tytulius / Panentis / Sil/vano Do/mestico pos(uit)","Tytulius Panentis Silvano Domestico posuit","44.0183606","16.0181762"
"EDCS-30200434","CIL 03, 14997,2 = ILJug-03, 02813 = AE 1903, 00304","Dalmatia","Burnum","Burnum","1","42","milites;  tituli sepulcrales;  tria nomina;  viri","M(arcus) Domitius / M(arci) f(ilius) Fabia Sev/erus Brix{s}ia / miles leg(ionis) XI / ann(orum) XXX / stip(endiorum) VIII h(ic) s(itus) e(st) / heres posuit","Marcus Domitius Marci filius Fabia Severus Brixia miles legionis XI annorum XXX stipendiorum VIII hic situs est heres posuit","44.0183606","16.0181762"
"EDCS-31200487","CIL 03, 15002","Dalmatia","Burnum","Burnum","1","100","milites;  tituli sepulcrales;  viri","]GII[3] / [3] qui Rega[liano(?)] / [3] A[u]g(usto) Ne[meto] / [3] mil(es) leg(ionis) I[3] / [h(ic)] s(itus) e(st)","GII qui Regaliano Augusto Nemeto miles legionis I hic situs est","44.0183606","16.0181762"
"EDCS-30200435","CIL 03, 15003 = ILJug-03, 02821","Dalmatia","Burnum","Burnum","1","50","milites;  nomen singulare;  tituli sepulcrales;  viri","Remmo / Saeconis / f(ilius) mil(es) coh(ortis) / Mont(anorum) ann(orum) / [","Remmo Saeconis filius miles cohortis Montanorum annorum","44.0183606","16.0181762"
"EDCS-31200488","CIL 03, 15004 (p 2328,114)","Dalmatia","Burnum","Burnum","42","69","milites;  mulieres;  tituli sepulcrales;  tria nomina;  viri","M(arcus) Valerius / Liberalis / m(iles) leg(ionis) XI Cl(audiae) P(iae) F(idelis) / an(n)oru(m) XIIX st(ipendiorum) II / domu Cl(audia) Aequo / mater M(arci) viro et / sib(i) et filio","Marcus Valerius Liberalis miles legionis XI Claudiae Piae Fidelis annorum XIIX stipendiorum II domu Claudia Aequo mater Marci viro et sibi et filio","44.0183606","16.0181762"
"EDCS-31200489","CIL 03, 15004a (p 2328,114)","Dalmatia","Burnum","Burnum","42","69","milites;  mulieres;  ordo equester;  tituli sepulcrales;  tria nomina;  viri","L(ucius) Val(erius) Maximus Va/lerio Proclo ann(orum) IXXX / leg(ionis) XI C(laudiae) P(iae) F(idelis) d(imisso) [h(onesta) m(issione) e]t Val/giae vet(?) en[3 V]aleriae / Proclinae nepti / Annucu[3] <e=F>(gregiae) m(emoriae) v(ir) / p(ie) f(ecit)","Lucius Valerius Maximus Valerio Proclo annorum IXXX legionis XI Claudiae Piae Fidelis dimisso honesta missione et Valgiae vet en Valeriae Proclinae nepti Annucu egregiae memoriae vir pie fecit","44.0183606","16.0181762"
"EDCS-31200490","CIL 03, 15005 (p 2328,114)","Dalmatia","Burnum","Burnum","42","69","milites;  tituli sepulcrales;  tria nomina;  viri","] / L(ucius) [3] / Men(enia) V[ero(?)] / Feltr(ia) mil(es) / leg(ionis) XI C(laudiae) P(iae) F(idelis) / stip(endiorum) XVI / her(es) posu(it)","Lucius Menenia Vero Feltria miles legionis XI Claudiae Piae Fidelis stipendiorum XVI heres posuit","44.0183606","16.0181762"
"EDCS-30200436","CIL 03, 15005,1 = ILJug-03, 02815","Dalmatia","Burnum","Burnum","42","69","milites;  tituli sepulcrales;  tria nomina;  viri","[L(uci) V]iri L(uci) f(ilii) Pob(lilia) / Novici Vero(na) / mil(itis) leg(ionis) XI C(laudiae) P(iae) F(idelis) / |(centuria) Aquili Fro(ntonis) / stip(endiorum) XXII / h(eres) f(aciendum) c(uravit)","Luci Viri Luci filii Poblilia Novici Verona militis legionis XI Claudiae Piae Fidelis centuria Aquili Frontonis stipendiorum XXII heres faciendum curavit","44.0183606","16.0181762"
"EDCS-31200501","CIL 03, 15010a","Dalmatia","Burnum","Burnum","1","150","mulieres;  tituli sepulcrales;  viri","[3] Quin[t 3] / P(ublius) Quin[t 3] / coniu[gi","Quint Publius Quint coniugi","44.0183606","16.0181762"
"EDCS-31200504","CIL 03, 15013","Dalmatia","Burnum","Burnum","1","150","mulieres;  nomen singulare;  tituli sepulcrales;  viri","Sura Gemelli / sibi et suis / [","Sura Gemelli sibi et suis","44.0183606","16.0181762"
"EDCS-31200507","CIL 03, 15014a","Dalmatia","Burnum","Burnum","1","150","tituli sepulcrales","]NSII[3] / [3 ex testa]ment(o) f[ecit(?)","NSII ex testamento fecit","44.0183606","16.0181762"
"EDCS-31200514","CIL 03, 15017a","Dalmatia","Burnum","Burnum","1","150","tituli operum;  tituli sepulcrales;  tria nomina;  viri","L(ucius) Vibius / Max(imus) / t(itulum) pos(u)i(t) / Proclii / Cili a(nnorum) II","Lucius Vibius Maximus titulum posuit Proclii Cili annorum II","44.0183606","16.0181762"
"EDCS-31200515","CIL 03, 15018 = Liburnia 00113","Dalmatia","Burnum","Burnum","1","150","tituli sacri;  tria nomina;  viri","[L(ucius) Do]mitiu[s] / [3 R]ufus / [L]atrae / v(otum) s(olvit) l(ibens) m(erito)","Lucius Domitius Rufus Latrae votum solvit libens merito","44.0183606","16.0181762"
"EDCS-31200516","CIL 03, 15019 = Liburnia 00114","Dalmatia","Burnum","Burnum","1","150","tituli sacri;  tria nomina;  viri","<L=I>(ucius) Dom[itius] / Ru[fus","Lucius Domitius Rufus","44.0183606","16.0181762"
"EDCS-31200521","CIL 03, 15024","Dalmatia","Burnum","Burnum","1","70","milites;  tituli operum;  tria nomina;  viri","T(itus) Iulius / T(iti) f(ilius) Cla(udia) / C[el]er / [3 l]eg(ionis) II Aug(usta) / [ar]am ex / [HS] XX(milibus) test(amento) / f[ier]i iussit","Titus Iulius Titi filius Claudia Celer legionis II Augusta aram ex HS XXmilibus testamento fieri iussit","44.0183606","16.0181762"
"EDCS-31200524","CIL 03, 15027 = ILJug-03, 02834","Dalmatia","Burnum","Burnum","51","100","ordo decurionum;  sacerdotes pagani;  tituli operum;  viri","] dec(urio) augur porticum / t(estamento) f(ieri) i(usiit) ex HS LXXX(milibus)","decurio augur porticum testamento fieri iusiit ex HS LXXXmilibus","44.0183606","16.0181762"
"EDCS-31200525","CIL 03, 15028","Dalmatia","Burnum","Burnum","1","150","milites;  mulieres;  ordo decurionum;  tituli sepulcrales;  tria nomina;  viri","de]curi[oni 3] / [3 Arr]untia(?) [3] / [Flore]ntin[a(?)","decurioni Arruntia Florentina","44.0183606","16.0181762"
"EDCS-31200527","CIL 03, 15029a","Dalmatia","Burnum","Burnum","1","150","tituli sepulcrales;  tria nomina;  viri","L(ucius) Antes[tius] / L(uci) f(ilius) Secun[dus] / [","Lucius Antestius Luci filius Secundus","44.0183606","16.0181762"
"EDCS-31200528","CIL 03, 15029b","Dalmatia","Burnum","Burnum","1","150","tituli sepulcrales;  tria nomina;  viri","C(aio) Arrun/tio Celeri / C(aius) Arrunt/{t}ius Seda/tus pater","Caio Arruntio Celeri Caius Arruntius Sedatus pater","44.0183606","16.0181762"
"EDCS-31200531","CIL 03, 15031","Dalmatia","Burnum","Burnum","1","100","mulieres;  tituli sepulcrales;  tria nomina","Caesiae / T(iti) f(iliae) Tert<u=Y>llinae","Caesiae Titi filiae Tertullinae","44.0183606","16.0181762"
"EDCS-31200534","CIL 03, 15033","Dalmatia","Burnum","Burnum","1","150","mulieres;  tituli sepulcrales;  tria nomina;  viri","Tito / Laelio / Maximo / an(norum) XIX Rosi[a] / Severa mater / f(ecit) p(ie)","Tito Laelio Maximo annorum XIX Rosia Severa mater fecit pie","44.0183606","16.0181762"
"EDCS-31200538","CIL 03, 15036a","Dalmatia","Burnum","Burnum","71","130","mulieres;  tituli sepulcrales;  tria nomina;  viri","C(aio) Oppio / C(ai) f(ilio) Cla(udia) / Clementi / Rusticel[lo(?)] / an(norum) XVI Baebi[a] / T(iti) f(ilia) Oppia mat[er] f(ilio) p(osuit)","Caio Oppio Cai filio Claudia Clementi Rusticello annorum XVI Baebia Titi filia Oppia mater filio posuit","44.0183606","16.0181762"
"EDCS-31200545","CIL 03, 15039","Dalmatia","Burnum","Burnum","1","150","tituli sepulcrales","]cenon[3] / [3 e]t sibi p[osuit // ]BRE[ // ]IDI[","cenon et sibi posuit BRE IDI","44.0183606","16.0181762"
"EDCS-30101159","AE 2003, 01328","Dalmatia","Gardun / Tilurium","Tilurium","1","100","tituli sacri","Gen[io] / [","Genio","43.6099573","16.7139587"
"EDCS-28300034","CIL 03, 02708 = CIL 03, 09725","Dalmatia","Gardun / Tilurium","Tilurium","9","69","milites;  praenomen et nomen;  tituli sepulcrales;  tria nomina;  viri","L(ucius) Allius L(uci) f(ilius) Fabia / signif(er) leg(ionis) XI / annor(um) XXX stip(endiorum) X / h(ic) s(itus) e(st) / L(ucius) Statienus L(uci) f(ilius) Fabia / Catulus pos(uit)","Lucius Allius Luci filius Fabia signifer legionis XI annorum XXX stipendiorum X hic situs est Lucius Statienus Luci filius Fabia Catulus posuit","43.6099573","16.7139587"
"EDCS-28300035","CIL 03, 02709 (p 2328,154) = D 02252 = Legio-VII 00002","Dalmatia","Gardun / Tilurium","Tilurium","9","42","milites;  praenomen et nomen;  tituli sepulcrales;  viri","T(itus) Ancharenus / T(iti) f(ilius) Ser(gia) / dom(o) Laranda / mil(es) leg(ionis) VII an(norum) / XLIV stip(endiorum) XXIII / h(ic) s(itus) e(st)","Titus Ancharenus Titi filius Sergia domo Laranda miles legionis VII annorum XLIV stipendiorum XXIII hic situs est","43.6099573","16.7139587"
"EDCS-28300036","CIL 03, 02710 = CIL 03, 09726 = D 02253 = Legio-VII 00012","Dalmatia","Gardun / Tilurium","Tilurium","1","40","milites;  tituli sepulcrales;  tria nomina;  viri","Cn(aeus) Domiti/us Cn(aei) f(ilius) Vel(ina) / Pessinunte / an(norum) XLIV stip(endiorum) / XXV veteran(us) / ex leg(ione) VII h(ic) s(itus) e(st) / testamento / fieri iussit","Cnaeus Domitius Cnaei filius Velina Pessinunte annorum XLIV stipendiorum XXV veteranus ex legione VII hic situs est testamento fieri iussit","43.6099573","16.7139587"
"EDCS-28300037","CIL 03, 02711","Dalmatia","Gardun / Tilurium","Tilurium","9","69","milites;  ordo equester;  ordo senatorius;  tria nomina;  viri","P(ublius) Apulanus P(ubli) f(ilius) / Pol(lia) Sabinus / domo E<p=T>or<e=F>d(ia) / tri(bunus) mil(itum) leg(ionis) XI / N IM","Publius Apulanus Publi filius Pollia Sabinus domo Eporedia tribunus militum legionis XI N IM","43.6099573","16.7139587"
"EDCS-28300038","CIL 03, 02712 (p 2328,154) = CIL 03, 09727","Dalmatia","Gardun / Tilurium","Tilurium","61","70","milites;  tituli sepulcrales;  tria nomina;  viri","M(arcus) Elvadius Mac<er=RF>(?) / eq(ues) alae Claudiae Novae / dom(o) Cugernus ann(orum) XXX stip(endiorum) XII / t(estamento) f(ieri) i(ussit) / Ti(berius) Claudius Aurelius / her(es) pos(uit)","Marcus Elvadius MacerF eques alae Claudiae Novae domo Cugernus annorum XXX stipendiorum XII testamento fieri iussit Tiberius Claudius Aurelius heres posuit","43.6099573","16.7139587"
"EDCS-28300039","CIL 03, 02713","Dalmatia","Gardun / Tilurium","Tilurium","1","150","milites;  tria nomina;  viri","C(aius) Helvius C(ai) [f(ilius)] / Macer Ulp(ia) mil(es) / [","Caius Helvius Cai filius Macer Ulpia miles","43.6099573","16.7139587"
"EDCS-28300040","CIL 03, 02714 (p 1475) = CIL 03, 09736 = Legio-VII 00022","Dalmatia","Gardun / Tilurium","Tilurium","9","56","milites;  praenomen et nomen;  tituli sepulcrales;  viri","C(aius) Iulius C(ai) f(ilius) / V(o)ltinia Clistin/na mil(es) leg(ionis) VII / ann(orum) XL stip(endiorum) XIIX / h(ic) s(itus) e(st)","Caius Iulius Cai filius Voltinia Clistinna miles legionis VII annorum XL stipendiorum XIIX hic situs est","43.6099573","16.7139587"
"EDCS-28300041","CIL 03, 02715 = Legio-VII 00024","Dalmatia","Gardun / Tilurium","Tilurium","42","100","milites;  praenomen et nomen;  tituli sepulcrales;  viri","M(arcus) Iulius M(arci) f(ilius) / Trernahensis / miles leg(ionis) VII C(laudiae) P(iae) F(idelis) / an(norum) XXXXV stip(endiorum) XX / M(arcus) A<rr=II>untius frater <et=N> / [he]r<e=I>] po<s=I>ui<t=I> / h(ic) s(itus) e(st)","Marcus Iulius Marci filius Trernahensis miles legionis VII Claudiae Piae Fidelis annorum XXXXV stipendiorum XX Marcus ArrIuntius frater et here posuit hic situs est","43.6099573","16.7139587"
"EDCS-28300042","CIL 03, 02716 (p 1610, 2269) = Legio-VII 00046","Dalmatia","Gardun / Tilurium","Tilurium","9","56","milites;  praenomen et nomen;  tituli sepulcrales;  viri","Q(uintus) Oppius Q(uinti) f(ilius) / Pol(lia) Foro Corne(lii) / signifer leg(ionis) VII / ann(orum) XXX stip(endiorum) VIII / h(ic) s(itus) e(st) heres pos(ui)t","Quintus Oppius Quinti filius Pollia Foro Cornelii signifer legionis VII annorum XXX stipendiorum VIII hic situs est heres posuit","43.6099573","16.7139587"
"EDCS-24400345","CIL 03, 02717 = CIL 03, 09728 = Philippi 00708 = Legio-VII 00061 = CIPh-02-01, p 398","Dalmatia","Gardun / Tilurium","Tilurium","9","56","milites;  praenomen et nomen;  tituli sepulcrales","L(ucius) Valerius L(uci) f(ilius) Volt(inia) / domo Philippis / mil(es) leg(ionis) VII ann(orum) XXXV / stip(endiorum) XV h(ic) s(itus) e(st) / t(estamento) f(ieri) i(ussit)","Lucius Valerius Luci filius Voltinia domo Philippis miles legionis VII annorum XXXV stipendiorum XV hic situs est testamento fieri iussit","43.6099573","16.7139587"
"EDCS-28300043","CIL 03, 02718 (p 1610)","Dalmatia","Gardun / Tilurium","Tilurium","14","37","Augusti/Augustae;  tituli sepulcrales;  tria nomina;  viri","M(arcus) Vireius T(iti) [f(ilius)] Celer Leo domo / Augusta Ba[g]ie[n(norum)] donatus a / Tib(erio) C(a)esare tor(quibus) armillis fale[ris(!)]","Marcus Vireius Titi filius Celer Leo domo Augusta Bagiennorum donatus a Tiberio Caesare torquibus armillis faleris","43.6099573","16.7139587"
"EDCS-28300047","CIL 03, 02722 = CIL 03, 09729 = CLE + 00145 = CLE 01536 = AE 2008, +00017","Dalmatia","Gardun / Tilurium","Tilurium","1","150","carmina;  tituli operum;  tituli sepulcrales;  tria nomina;  viri","C(aius) Laberius (!) f(ilius) / [3]es ann(orum) VII / h(ic) s(itus) e(st) / hunc titulum posuit tibi fidus amicus ult<i=U>ma / quae potui debita pers[o]lvi / non dolere mater faciundum fuit properavit / aetas voluit hoc astrum meum vale et priores / aetate te tollant hunc luctum tibi","Caius Laberius filius es annorum VII hic situs est hunc titulum posuit tibi fidus amicus ultima quae potui debita persolvi non dolere mater faciundum fuit properavit aetas voluit hoc astrum meum vale et priores aetate te tollant hunc luctum tibi","43.6099573","16.7139587"
"EDCS-28300048","CIL 03, 02723 (p 2328,154)","Dalmatia","Gardun / Tilurium","Tilurium","51","100","nomen singulare;  praenomen et nomen;  servi/servae;  tituli sepulcrales;  viri","Honesimus / T(iti) Septumi / ser(vus) ann(orum) XV / h(ic) s(itus) e(st) dominus / bene merito / p(osuit)","Honesimus Titi Septumi servus annorum XV hic situs est dominus bene merito posuit","43.6099573","16.7139587"
"EDCS-28300051","CIL 03, 02726","Dalmatia","Gardun / Tilurium","Tilurium","1","150","mulieres;  tituli sepulcrales;  tria nomina","Titi(a)e Pro/cillae an/norum / XXXVI / [","Titiae Procillae annorum XXXVI","43.6099573","16.7139587"
"EDCS-28300052","CIL 03, 02727","Dalmatia","Gardun / Tilurium","Tilurium","1","150","tituli sepulcrales","] / h(ic) s(itus?) e(st)","hic situs est","43.6099573","16.7139587"
"EDCS-30100403","CIL 03, 09733 (p 1475) = CLE 00077 = Legio-VII 00008","Dalmatia","Gardun / Tilurium","Tilurium","9","56","carmina;  milites;  tituli operum;  tituli sepulcrales;  tria nomina;  viri","Q(uintus) Baebius Q(uinti) f(ilius) Serg(ia) Conan(is) / miles leg(ionis) VII ann(orum) XXXXV / stip(endiorum) XX h(ic) s(itus) e(st) / quamvis lasse viator rogo ne graveris et / tumulum contempla meum lege et moraris iam / aliquid resciveris dum vixi hilaris iucundus amicis / nunc to[rpen]s iaceo hic o[ssa req]u[ies]cunt mea natus / sum C<o=A>n<a=O>nis conditu(s) in Ill<y=U>rico vale et bene / facito vitae dum fatum venit / frater fratri","Quintus Baebius Quinti filius Sergia Conanis miles legionis VII annorum XXXXV stipendiorum XX hic situs est quamvis lasse viator rogo ne graveris et tumulum contempla meum lege et moraris iam aliquid resciveris dum vixi hilaris iucundus amicis nunc torpens iaceo hic ossa requiescunt mea natus sum Conanis conditus in Illyrico vale et bene facito vitae dum fatum venit frater fratri","43.6099573","16.7139587"
"EDCS-30100404","CIL 03, 09734 (p 1475, 2269) = ILJug-01, 00146 = Legio-VII 00026","Dalmatia","Gardun / Tilurium","Tilurium","9","56","milites;  nomen singulare;  praenomen et nomen;  tituli sepulcrales;  viri","L(ucius) Cornelius L(uci) f(ilius) / Fab(ia) Heraclea / mil(es) leg(ionis) VII ann(orum) / XXXIII stip(endiorum) XII t(estamento) f(ieri) i(ussit) / Secundus h(eres) p(osuit) / h(ic) s(itus) e(st)","Lucius Cornelius Luci filius Fabia Heraclea miles legionis VII annorum XXXIII stipendiorum XII testamento fieri iussit Secundus heres posuit hic situs est","43.6099573","16.7139587"
"EDCS-30100405","CIL 03, 09735","Dalmatia","Gardun / Tilurium","Tilurium","71","130","milites;  nomen singulare;  tituli sepulcrales;  viri","Eu]genio(?) Eucisi f(ilio) / eq(uiti) ala(e) Frontoni(nianae) / an(norum) XL stip(endiorum) XX / Nemis Sige h(ic) s(itus) e(st) / frat{e}res frat{e}r(i) / fecerunt","Eugenio Eucisi filio equiti alae Frontoninianae annorum XL stipendiorum XX Nemis Sige hic situs est fratres fratri fecerunt","43.6099573","16.7139587"
"EDCS-30100406","CIL 03, 09737 (p 1475) = Legio-VII 00034","Dalmatia","Gardun / Tilurium","Tilurium","1","42","milites;  praenomen et nomen;  tituli sepulcrales;  viri","C(aius) Longinus C(ai) f(ilius) / Cor(nelia) Amblada / mil(es) leg(ionis) VII an(norum) XL / stip(endiorum) XXI h(ic) s(itus) e(st) / frater fratri","Caius Longinus Cai filius Cornelia Amblada miles legionis VII annorum XL stipendiorum XXI hic situs est frater fratri","43.6099573","16.7139587"
"EDCS-30100409","CIL 03, 09741 (p 1475) = Legio-VII 00068","Dalmatia","Gardun / Tilurium","Tilurium","9","56","milites;  praenomen et nomen;  tituli sepulcrales;  viri","M(arcus) Vibius M(arci) f(ilius) / Aem(ilia) D<y=U>rra(chio) / mil(es) leg(ionis) VII / ann(orum) XXX stip(endiorum) VII / h(ic) s(itus) e(st) / [3]lius h(eres) p(osuit)","Marcus Vibius Marci filius Aemilia Dyrrachio miles legionis VII annorum XXX stipendiorum VII hic situs est lius heres posuit","43.6099573","16.7139587"
"EDCS-30100410","CIL 03, 09742 (p 1475) = Legio-VII 00071","Dalmatia","Gardun / Tilurium","Tilurium","9","56","milites;  tituli sepulcrales;  viri","] / C[3 P]ol(lia) Aese / mil(es) leg(ionis) VII / ann(orum) XXX / stip(endiorum) VII h(ic) s(itus) e(st)","C Pollia Aese miles legionis VII annorum XXX stipendiorum VII hic situs est","43.6099573","16.7139587"
"EDCS-30100411","CIL 03, 09744","Dalmatia","Gardun / Tilurium","Tilurium","1","150","tituli sepulcrales;  viri","]ITNAI[3] / LIVOS AN[3] / et Faustus [3] / ann(orum) XII","ITNAI LIVOS AN et Faustus annorum XII","43.6099573","16.7139587"
"EDCS-31900027","CIL 03, 13973","Dalmatia","Gardun / Tilurium","Tilurium","1","150","milites;  tituli sepulcrales;  tria nomina;  viri","] |(centuria) F[lavi(?) 3] / Ver[ecundi(?) 3] / heres [3] / ex [t(estamento) f(aciendum) c(uravit)]","centuria Flavi Verecundi heres ex testamento faciendum curavit","43.6099573","16.7139587"
"EDCS-29900112","CIL 03, 13975 = AE 1895, 00014","Dalmatia","Gardun / Tilurium","Tilurium","51","100","milites;  nomen singulare;  tituli sepulcrales;  tria nomina;  viri","P(ublius) Attecius P(ubli) f(ilius) / Venimarus mi/l(es) coh(ortis) VIII |(centuria) Ati/li domo Clau(dia) / Viruno an(n)o(rum) / XXI stip(endiorum) II / M(arcus) Ressius / Bricomar/us h(eres) ex t(estamento) / p(onendum) c(uravit)","Publius Attecius Publi filius Venimarus miles cohortis VIII centuria Atili domo Claudia Viruno annorum XXI stipendiorum II Marcus Ressius Bricomarus heres ex testamento ponendum curavit","43.6099573","16.7139587"
"EDCS-31900029","CIL 03, 13976 (p 2328,154) = Legio-VII 00025 = AE 2007, 01104","Dalmatia","Gardun / Tilurium","Tilurium","42","100","milites;  praenomen et nomen;  tituli sepulcrales;  viri","Sex(tus) Clodius / C(ai) f(ilius) Pub(lilia) Verona / mil(es) l[eg(ionis)","Sextus Clodius Cai filius Publilia Verona miles legionis","43.6099573","16.7139587"
"EDCS-31900030","CIL 03, 13977","Dalmatia","Gardun / Tilurium","Tilurium","1","100","milites;  praenomen et nomen;  tituli sepulcrales;  viri","Sex(tus) Cornelius / Sex(ti) f(ilius) Camilia / Nonan(orum?) veter(anus) / [1]L[","Sextus Cornelius Sexti filius Camilia Nonanorum veteranus L","43.6099573","16.7139587"
"EDCS-31900031","CIL 03, 13978 = Legio-VII 00047","Dalmatia","Gardun / Tilurium","Tilurium","9","42","milites;  tituli sepulcrales;  viri","C(aius) Parp[3] Fab(ia?) / [1]ARE[2]C[1]X / annorum XLV / stipendior(um) XVI / N[","Caius Parp Fabia AREC X annorum XLV stipendiorum XVI N","43.6099573","16.7139587"
"EDCS-30200431","CIL 03, 14931 (p 2328,114) = Legio-VII 00029 = AE 1897, 00105","Dalmatia","Gardun / Tilurium","Tilurium","9","56","milites;  nomen singulare;  tituli sepulcrales;  viri","C(aius) Lartinius / C(ai) f(ilius) Pol(lia) domo / Foro Corneli / miles leg(ionis) VII / ann(orum) XXXIV / stip(endiorum) XVI h(ic) s(itus) e(st) / heredes posuer(unt)","Caius Lartinius Cai filius Pollia domo Foro Corneli miles legionis VII annorum XXXIV stipendiorum XVI hic situs est heredes posuerunt","43.6099573","16.7139587"
"EDCS-16900021","CIL 03, 14932 (p 2328,114) = Legio-VII 00039 = AE 1900, 00046","Dalmatia","Gardun / Tilurium","Tilurium","9","42","milites;  nomen singulare;  tituli sepulcrales;  tria nomina;  viri","Q(uintus) Marcius / Q(uinti) f(ilius) Cor(nelia) Bassus / dom(o) Benevento / [m]il(es) leg(ionis) VII an(norum) / [3] stip(endiorum) XVII / [h(ic) s(itus)] e(st) t(estamento) f(ieri) i(ussit) / [ex arb]itratu / [M]aximi","Quintus Marcius Quinti filius Cornelia Bassus domo Benevento miles legionis VII annorum stipendiorum XVII hic situs est testamento fieri iussit ex arbitratu Maximi","43.6099573","16.7139587"
"EDCS-24400350","CIL 03, 14933 = Philippi 00709 = Legio-VII 00048 = CIPh-02-01, p 402","Dalmatia","Gardun / Tilurium","Tilurium","1","150","milites;  tituli sepulcrales;  viri","M(arcus) Percenni[us 3] / Voltinia Ph[ilippis] / [3 l]eg(ionis) [","Marcus Percennius Voltinia Philippis legionis","43.6099573","16.7139587"
"EDCS-30200432","CIL 03, 14934 = D 09164 = AE 1900, 00048 = AE 1994, +01357","Dalmatia","Gardun / Tilurium","Tilurium","51","100","milites;  nomen singulare;  praenomen et nomen;  viri","M(arcus) Pytha Segni f(ilius) / mil(es) c(o)hor(tis) II C{h}yrres(tarum) / dom(o) Ber(o)ea an(norum) LX stip(endiorum) / XXXV t(estamento) f(ieri) i(ussit) sibi e[t","Marcus Pytha Segni filius miles cohortis II Cyrrestarum domo Beroea annorum LX stipendiorum XXXV testamento fieri iussit sibi et","43.6099573","16.7139587"
"EDCS-16900022","CIL 03, 14935 = AE 1900, 00047","Dalmatia","Gardun / Tilurium","Tilurium","1","150","milites;  nomen singulare;  officium/professio;  tituli sepulcrales;  viri","]lio [3] / [3] bucin[atori] / [c]oh(ortis) III Alp[inorum] / [3 p]rovinciae / [3 dom]o [N]oricus(!) / [an(norum) 3]V stip(endiorum) XV[3] / [3 s]ig(nifer) |(centuria) Iuliani h(eres) [f(aciendum) c(uravit)]","lio bucinatori cohortis III Alpinorum provinciae domo Noricus annorum V stipendiorum XV signifer centuria Iuliani heres faciendum curavit","43.6099573","16.7139587"
"EDCS-32700489","CIL 03, 14936","Dalmatia","Gardun / Tilurium","Tilurium","1","150","milites;  tituli sepulcrales;  tria nomina;  viri","] / stip(endiorum) X[3] / L(ucius) Stat[ienus] / Catu[lus h(eres) et] / muni[ceps","stipendiorum X Lucius Statienus Catulus heres et municeps","43.6099573","16.7139587"
"EDCS-32700490","CIL 03, 14937","Dalmatia","Gardun / Tilurium","Tilurium","1","150","milites;  tituli sepulcrales;  viri","[3]etsiulanu[s 3] / [3] f(ilius) Le[m(onia)] [3] / [3]I [mi]<l=I>es / [6] / [6] / [3] |(centuria?) [3] / [3]S[3] / [3 fr]at<er=FF> [f]ra<tri=II>","etsiulanus filius Lemonia I miles centuria S fraterF fratriI","43.6099573","16.7139587"
"EDCS-32700492","CIL 03, 14939","Dalmatia","Gardun / Tilurium","Tilurium","1","150","milites;  tituli sepulcrales;  viri","]XIX[3] / [3 signif]ero(?) [3] / [3] stip(endiorum) X[3] / [3]T[","XIX signifero stipendiorum X T","43.6099573","16.7139587"
"EDCS-28300068","CIL 03, 02743 (p 1616)","Dalmatia","Gornji Muc / Andetrium","Andetrium","1","150","mulieres;  tituli sacri;  tria nomina","Castori / et Polluci / sac{e}rum / Fab{e}ricia / Pieris / v(otum) s(olvit) l(ibens) m(erito)","Castori et Polluci sacrum Fabricia Pieris votum solvit libens merito","43.6871481","16.4940794"
"EDCS-28300070","CIL 03, 02745 = Visocnik-2012, 00015","Dalmatia","Gornji Muc / Andetrium","Andetrium","51","100","milites;  tituli sepulcrales;  tria nomina;  viri","L(ucio) Teren[t]io / L(uci) f(ilio) Claud(ia) / Severo Cel(eia) / mil(iti) coh(ortis) VIII / vexil<l=I>ar(iorum) ann(orum) / XXX stipend(iorum) XIV / L(ucius) Ae<b=R>utius / Felix posui(t)","Lucio Terentio Luci filio Claudia Severo Celeia militi cohortis VIII vexillariorum annorum XXX stipendiorum XIV Lucius Aebutius Felix posuit","43.6871481","16.4940794"
"EDCS-30200136","CIL 03, 09782","Dalmatia","Gornji Muc / Andetrium","Andetrium","71","130","milites;  mulieres;  tituli sepulcrales;  tria nomina;  viri","Ser(vius) Ennius Ser(vi) f(ilius) / Claudia Fuscus / domo Cemeneli / miles coh(ortis) VIII vol(untariorum) / stip(endiorum) XVIIII ann(orum) XXXIIX / Fulvia Vitalis v(iva) f(ecit) sibi / et coniugi b(ene) m(erenti) f(ecit?) / h(oc) m(onumentum) h(eredem) n(on) s(equetur)","Servius Ennius Servi filius Claudia Fuscus domo Cemeneli miles cohortis VIII voluntariorum stipendiorum XVIIII annorum XXXIIX Fulvia Vitalis viva fecit sibi et coniugi bene merenti fecit hoc monumentum heredem non sequetur","43.6871481","16.4940794"
"EDCS-30200139","CIL 03, 09786 = ILJug-03, 01970 = AE 1941, 00057","Dalmatia","Gornji Muc / Andetrium","Andetrium","1","50","tituli sepulcrales;  viri","eiusd]em / [3 fr]ater f(aciendum) c(uravit)","eiusdem frater faciendum curavit","43.6871481","16.4940794"
"EDCS-32700504","CIL 03, 14950 = AE 1899, 00158","Dalmatia","Gornji Muc / Andetrium","Andetrium","71","150","milites;  nomen singulare;  tituli sacri;  tria nomina;  viri","I(ovi) O(ptimo) M(aximo) / Cassius / Dasantis / c(o)h(ortis) III Alpin(orum) / tessera(rius) ce(nturia) Nun/isiani / v(otum) s(olvit) l(ibens) m(erito)","Iovi Optimo Maximo Cassius Dasantis cohortis III Alpinorum tesserarius centuria Nunisiani votum solvit libens merito","43.6871481","16.4940794"
"EDCS-32700505","CIL 03, 14951 (p 2328,114) = Legio-VII 00090","Dalmatia","Gornji Muc / Andetrium","Andetrium","42","100","milites;  tituli sacri;  tria nomina;  viri","] / Nymp[his] / sacr[um] / [1] Iulius [3]/us |(centurio) l[eg(ionis)] / [VII] C(laudiae) P(iae) [F(idelis)] / [cu]m Pri[","Nymphis sacrum Iulius us centurio legionis VII Claudiae Piae Fidelis cum Pri","43.6871481","16.4940794"
"EDCS-10100909","ILJug-03, 01969 = AE 1941, 00056","Dalmatia","Gornji Muc / Andetrium","Andetrium","1","100","milites;  tituli sepulcrales;  tria nomina;  viri","] Valer[ius] / Messor imag[inifer] / posui[t","Valerius Messor imaginifer posuit","43.6871481","16.4940794"
"EDCS-07400592","AE 1987, 00803","Dalmatia","Hardomilje / Bigeste","Bigeste","1","150","mulieres;  tituli sepulcrales;  tria nomina;  viri","Valeriae Puden/till(a)e anno(rum) XXXV / T(itus) F(lavius) Maxiarcus c(oniugi) b(ene) m(erenti) / posuit / item Fl(avius) Bennus et Fla(via) Sabina / fili(us) [et f]ili(a) e[i]us","Valeriae Pudentillae annorum XXXV Titus Flavius Maxiarcus coniugi bene merenti posuit item Flavius Bennus et Flavia Sabina filius et filia eius","43.1575578","17.5493918"
"EDCS-31300303","CIL 03, 14632 = D 09166","Dalmatia","Hardomilje / Bigeste","Bigeste","71","100","milites;  nomen singulare;  tituli sepulcrales;  tria nomina;  viri","Ti(berius) Claudius Ligomarus / Carstimari f(ilius) / Claudia Salinis / eq(ues) coh(ortis) III Alpinae / ann(orum) LVII stipend(iorum) XX / [3] her(es) p(osuit)","Tiberius Claudius Ligomarus Carstimari filius Claudia Salinis eques cohortis III Alpinae annorum LVII stipendiorum XX heres posuit","43.1575578","17.5493918"
"EDCS-10100864","ILJug-03, 01920 = Legio-VII 00032","Dalmatia","Hardomilje / Bigeste","Bigeste","1","42","milites;  tituli sepulcrales;  tria nomina;  viri","M(arcus) Livius M(arci) / f(ilius) Pal(atina) dom(o) / Aloro ve/teranus / leg(ionis) VII an(norum) / L stip(endiorum) XXVI / h(ic) s(itus) e(st) t(estamento) f(ieri) i(ussit)","Marcus Livius Marci filius Palatina domo Aloro veteranus legionis VII annorum L stipendiorum XXVI hic situs est testamento fieri iussit","43.1575578","17.5493918"
"EDCS-10100865","ILJug-03, 01921 = Legio-VII 00063","Dalmatia","Hardomilje / Bigeste","Bigeste","1","42","praenomen et nomen;  tituli sepulcrales;  viri","T(itus) Varius T(iti) f(ilius) / Vel(ina) domo / Pessinunte / vet(eranus) leg(ionis) VII / an(norum) L sti(pendiorum) XXIX / h(ic) s(itus) e(st) her(es) pos(uit)","Titus Varius Titi filius Velina domo Pessinunte veteranus legionis VII annorum L stipendiorum XXIX hic situs est heres posuit","43.1575578","17.5493918"
"EDCS-10100866","ILJug-03, 01922","Dalmatia","Hardomilje / Bigeste","Bigeste","1","50","milites;  tituli sepulcrales;  viri","] Caenio / Q(uinti) f(ilio) [e]q(uiti) coh(ortis) / [II]I Alpinoru[m] / [d]omo [V]e[l]au/no ann(orum) [3] / st[ip(endiorum)] XX[","Caenio Quinti filio equiti cohortis III Alpinorum domo Velauno annorum stipendiorum XX","43.1575578","17.5493918"
"EDCS-10100867","ILJug-03, 01923","Dalmatia","Hardomilje / Bigeste","Bigeste","31","70","milites;  tituli sepulcrales;  viri","] / XXXI [domo El]/ococi [h(ic) s(itus?) e(st)] / i(ussit) t(estamento) f(ieri) [3] / her[es p(osuit)","XXXI domo Elococi hic situs est iussit testamento fieri heres posuit","43.1575578","17.5493918"
"EDCS-10100872","ILJug-03, 01928 = Hernandez-01, 00042 = AE 1907, 00249","Dalmatia","Hardomilje / Bigeste","Bigeste","1","100","milites;  nomen singulare;  tituli sepulcrales;  viri","Meduttus / Caturonis / f(ilius) miles coh(ortis) I / Bracaraug/ustanoru[m] / ann(orum) XXX s[tip(endiorum)","Meduttus Caturonis filius miles cohortis I Bracaraugustanorum annorum XXX stipendiorum","43.1575578","17.5493918"
"EDCS-10100873","ILJug-03, 01929","Dalmatia","Hardomilje / Bigeste","Bigeste","1","70","milites;  tituli sepulcrales;  viri","]SCA[3] / miles c[oh(ortis) I] / Bracarau[gustano]/rum an(norum) X[3] / h(ic) s(itus) e(st) / Cambi[3] / h(eres) p(osuit)","SCA miles cohortis I Bracaraugustanorum annorum X hic situs est Cambi heres posuit","43.1575578","17.5493918"
"EDCS-10100875","ILJug-03, 01931","Dalmatia","Hardomilje / Bigeste","Bigeste","51","150","milites;  tituli sepulcrales;  viri","] imag(inifer) et / vexi[l(larius)","imaginifer et vexillarius","43.1575578","17.5493918"
"EDCS-10100876","ILJug-03, 01932","Dalmatia","Hardomilje / Bigeste","Bigeste","31","70","tituli sepulcrales","] h(ic) s(itus) e(st) t(estamento) f(ieri) i(ussit) / [h]eredes / [po]s<u=I>erunt","hic situs est testamento fieri iussit heredes posuerunt","43.1575578","17.5493918"
"EDCS-10100877","ILJug-03, 01933","Dalmatia","Hardomilje / Bigeste","Bigeste","51","100","tituli sepulcrales","]F / [3]R / [3]ONE / [3]XXXIIX / [3] h(ic) s(itus?) [e(st)] / [3]us","F R ONE XXXIIX hic situs est us","43.1575578","17.5493918"
"EDCS-10100878","ILJug-03, 01934","Dalmatia","Hardomilje / Bigeste","Bigeste","51","150","mulieres;  nomen singulare;  tituli sepulcrales;  tria nomina;  viri","Tiberio Claudio Maximo / filio annorum XII Aelia / Maxima mater infelici filio / et Aeliae Annae(a)e matri / h(oc) m(onumentum) h(eredem) <n=M>(on) s(equetur) / et Primus pater","Tiberio Claudio Maximo filio annorum XII Aelia Maxima mater infelici filio et Aeliae Annaeae matri hoc monumentum heredem non sequetur et Primus pater","43.1575578","17.5493918"
"EDCS-30101161","Legio-VII 00060 = AE 2003, 01330","Dalmatia","Hardomilje / Bigeste","Bigeste","21","30","milites;  praenomen et nomen;  tituli sepulcrales;  tria nomina;  viri","Q(uintus) Valerius / Q(uinti) f(ilius) Qui(rina) dom(o) / Icon(io) vet(eranus) leg(ionis) / VII an(norum) LV stip(endiorum) / XXVIII h(ic) s(itus) e(st) / Q(uintus) Portorius et Q(uintus) Va/lerius Anteros posuer(unt)","Quintus Valerius Quinti filius Quirina domo Iconio veteranus legionis VII annorum LV stipendiorum XXVIII hic situs est Quintus Portorius et Quintus Valerius Anteros posuerunt","43.1575578","17.5493918"
"EDCS-66200163","OpuscArchZagreb-1997-86,4","Dalmatia","Hardomilje / Bigeste","Bigeste","1","100","milites;  tituli sepulcrales;  tria nomina;  viri","L(ucius) Oppius L(uci) [f(ilius) 3] / Ser(gia) Signinus do/mo Con(s)tan(ti)a vet(eranus) / leg(ionis) VII annor(um) LXXI / h(ic) s(itus) e(st)","Lucius Oppius Luci filius Sergia Signinus domo Constantia veteranus legionis VII annorum LXXI hic situs est","43.1575578","17.5493918"
"EDCS-31900304","CIL 03, 08486 = Hernandez-01, 00039","Dalmatia","Humac / Bigeste","Bigeste","1","70","milites;  nomen singulare;  tituli sepulcrales;  viri","Andamionius An/dami f(ilius) eq(ues) coh(ortis) I / Lucens(ium) / ann(orum) XXXV / st(ipendiorum) XV h(ic) s(itus) e(st) / Gav[i]llius f(ilius) [h]er(es?) / [d(e?)] s(uo?) pos(u)it","Andamionius Andami filius eques cohortis I Lucensium annorum XXXV stipendiorum XV hic situs est Gavillius filius heres de suo posuit","43.1878539","17.5296549"
"EDCS-31900306","CIL 03, 08492 = Hernandez-01, 00040","Dalmatia","Humac / Bigeste","Bigeste","31","70","milites;  nomen singulare;  tituli sepulcrales;  viri","Rufus Angeti f(ilius) / mil(es) coh(ortis) I Luce(nsium)/ annorum XXX / stipen(diorum) / h(ic) s(itus) e(st) / h(eres) p(osuit)","Rufus Angeti filius miles cohortis I Lucensium annorum XXX stipendiorum hic situs est heres posuit","43.1878539","17.5296549"
"EDCS-31900307","CIL 03, 08493 (p 1475) = Legio-VII 00055","Dalmatia","Humac / Bigeste","Bigeste","9","70","milites;  tituli sepulcrales;  viri","M(arcus) Sosius M(arci) f(ilius) / Fab(ia) Sebasto/[poli 3 leg(ionis)] VII / [","Marcus Sosius Marci filius Fabia Sebastopoli legionis VII","43.1878539","17.5296549"
"EDCS-31900309","CIL 03, 08495 (p 2132, 2322, 2328,121)","Dalmatia","Humac / Bigeste","Bigeste","1","100","milites;  mulieres;  tituli sepulcrales;  tria nomina;  viri","Vanaius Venio [3] / domo Bodion[t(icus) e]q(ues) coh(ortis) / Alp(inorum) an(norum) LIIII [sti]p(endiorum) XXV / h(ic) s(itus) e(st) Valeri[an]a et / Marcella [3] p(osuerunt)","Vanaius Venio domo Bodionticus eques cohortis Alpinorum annorum LIIII stipendiorum XXV hic situs est Valeriana et Marcella posuerunt","43.1878539","17.5296549"
"EDCS-30100677","CIL 03, 14226,1 (p 2328,121) = ILJug-03, 01917","Dalmatia","Humac / Bigeste","Bigeste","31","70","milites;  nomen singulare;  tituli sepulcrales;  viri","] / tur(ma) Ne[potis] / ann(orum) XLV [3] / t(estamento) [f(ieri) i(ussit)] / Neriu[s","turma Nepotis annorum XLV testamento fieri iussit Nerius","43.1878539","17.5296549"
"EDCS-10000684","ILJug-02, 00670 = Legio-VII 00058","Dalmatia","Humac / Bigeste","Bigeste","31","130","liberti/libertae;  milites;  mulieres;  tituli sepulcrales;  tria nomina;  viri","P[3]a / at[3] fa/to rapta h(ic) s(ita) e(st) / C(aius) Valerius C(ai) f(ilius) Den/to veter(anus) leg(ionis) VII lib(ertae) / suae posuit","P a at fato rapta hic sita est Caius Valerius Cai filius Dento veteranus legionis VII libertae suae posuit","43.1878539","17.5296549"
"EDCS-10100861","ILJug-03, 01916 = OpuscArchZagreb-1997-86","Dalmatia","Humac / Bigeste","Bigeste","1","100","milites;  tituli sepulcrales;  tria nomina;  viri","Q(uintus) Pius L(uci) [f(ilius)] / Ser(gia) Signinus do/mo Con(s)tan(ti)a vet(eranus) / leg(ionis) VII annor(um) LXXI / h(ic) s(itus) e(st)","Quintus Pius Luci filius Sergia Signinus domo Constantia veteranus legionis VII annorum LXXI hic situs est","43.1878539","17.5296549"
"EDCS-56900033","OpuscArchZagreb-1997-89,19","Dalmatia","Humac / Bigeste","Bigeste","1","150","milites;  tituli sepulcrales;  viri","] c(o)h[or(tis?) 3] / [3] sti[p(endiorum)","cohortis stipendiorum","43.1878539","17.5296549"
"EDCS-41300186","CIL 03, *00394,3 = AE 1999, 01234","Dalmatia","Ivosevci / Burnum","Burnum","42","70","milites;  tituli sepulcrales;  tria nomina;  viri","L(ucius) Tertius L(uci?) f(ilius) / [Te]rtianus / H[era]cl(ea) ann(orum) [3] / HIRACLRA mi<l=H>(es) / l<e=I>g(ionis) XI [C(laudiae) P(iae)] F(idelis) / ann(orum) XL stip(endiorum) XVII / L(ucius) Pomp(onius?) Pol[lio(?)","Lucius Tertius Luci filius Tertianus Heraclea annorum HIRACLRA miles legionis XI Claudiae Piae Fidelis annorum XL stipendiorum XVII Lucius Pomponius Pollio","44.0160408","16.0072244"
"EDCS-41300187","CIL 03, *00394,4 = ZPE-199-232 = AE 1999, 01235","Dalmatia","Ivosevci / Burnum","Burnum","42","69","milites;  tituli sepulcrales;  tria nomina;  viri","L(ucius) Tertius L(uci?) f(ilius) / Ser(gia) Tertianus / Heraclea mil(es) / leg(ionis) XI C(laudiae) [P(iae) F(idelis)] / ann(orum) XL / [stip(endiorum)] XVII / t(estamento) f(ieri) i(ussit) / L(ucius) Ponponius(!) / Polio(!) h(eres) p(onendum) c(uravit)","Lucius Tertius Luci filius Sergia Tertianus Heraclea miles legionis XI Claudiae Piae Fidelis annorum XL stipendiorum XVII testamento fieri iussit Lucius Ponponius Polio heres ponendum curavit","44.0160408","16.0072244"
"EDCS-41300188","CIL 03, *00394,5 = AE 1999, 01236","Dalmatia","Ivosevci / Burnum","Burnum","42","70","milites;  tituli sepulcrales;  tria nomina;  viri","l]eg(ionis) XI [C(laudiae) P(iae) F(idelis?)] / [|(centuria?)] Aemi(lii) V[ictori(?)] / ann(orum) XI[3] / [s]ti[p(endiorum)","legionis XI Claudiae Piae Fidelis centuria Aemilii Victori annorum XI stipendiorum","44.0160408","16.0072244"
"EDCS-41300189","CIL 03, *00394,6 = AE 1999, 01237","Dalmatia","Ivosevci / Burnum","Burnum","42","70","milites;  tituli sepulcrales;  viri","]ALR[3] / [3] leg(ionis) X[I(?) C(laudiae) P(iae) F(idelis?)] / [ann(orum) 3] / stip(endiorum) X[3] / [3] M(arcus) Pon[","ALR legionis XI Claudiae Piae Fidelis annorum stipendiorum X Marcus Pon","44.0160408","16.0072244"
"EDCS-28300161","CIL 03, 02832 (p 1036) = CIL 03, 09892","Dalmatia","Ivosevci / Burnum","Burnum","1","150","milites;  tituli sepulcrales;  tria nomina;  viri","]ci / [3]avi / [3 s]i[g]ni[f(er?)] leg(ionis) XI / ann(orum) XLV stip(endiorum) XXI / C(aius) Aemilius C(ai) f(ilius) / Marcellus ann(orum) XIIX / pater et filius / h(ic) s(itus) e(st!)","ci avi signifer legionis XI annorum XLV stipendiorum XXI Caius Aemilius Cai filius Marcellus annorum XIIX pater et filius hic situs est","44.0160408","16.0072244"
"EDCS-28300162","CIL 03, 02833 (p 1036, 1627, 2328,161)","Dalmatia","Ivosevci / Burnum","Burnum","42","100","milites;  tituli sepulcrales;  tria nomina;  viri","L(ucius) Cassius L(uci) f(ilius) / Trom(entina) Marti/alis Aq(uae) Sta(tiellae) / mil(es) leg(ionis) XI / C(laudiae) P(iae) F(idelis) / |(centuria) Pulpid<i=F> Sil/vestris / stip(endiorum) XII an(norum) XXXV / t(estamento) f(ieri) i(ussit) h(eres) f(aciendum) c(uravit)","Lucius Cassius Luci filius Tromentina Martialis Aquae Statiellae miles legionis XI Claudiae Piae Fidelis centuria Pulpidi Silvestris stipendiorum XII annorum XXXV testamento fieri iussit heres faciendum curavit","44.0160408","16.0072244"
"EDCS-28300163","CIL 03, 02834 (p 1036, 2328,12) = CIL 03, 09893","Dalmatia","Ivosevci / Burnum","Burnum","42","100","liberti/libertae;  milites;  nomen singulare;  tituli sepulcrales;  tria nomina;  viri","[3 Cla]udius A(uli) [f(ilius) Pob(lilia)] / [Cel]er |(centurio) leg(ionis) XI C(laudiae) P(iae) / F(idelis) domo Vero/na ann(orum) LXIII stip(endiorum) / XXXXIII t(estamento) f(ieri) iussit / Panthagathus / lib(ertus) f(aciendum) c(uravit)","Claudius Auli filius Poblilia Celer centurio legionis XI Claudiae Piae Fidelis domo Verona annorum LXIII stipendiorum XXXXIII testamento fieri iussit Panthagathus libertus faciendum curavit","44.0160408","16.0072244"
"EDCS-28300164","CIL 03, 02835 (p 1036) = CLE 00992 = D 02257","Dalmatia","Ivosevci / Burnum","Burnum","9","42","carmina;  milites;  tituli sepulcrales;  tria nomina;  viri","T(itus) Cominius / C(ai) f(ilius) Romilia / Ateste miles / leg(ionis) XI anno/rum XL stip(endiorum) XVI / h(ic) s(itus) e(st) frater / fratri posuit / vix{s}i(t) quad potui sem/per bene pauper honeste / [fr]audavi nullum nunc iuvat / [os]sa mea","Titus Cominius Cai filius Romilia Ateste miles legionis XI annorum XL stipendiorum XVI hic situs est frater fratri posuit vixit quad potui semper bene pauper honeste fraudavi nullum nunc iuvat ossa mea","44.0160408","16.0072244"
"EDCS-28300165","CIL 03, 02836 (p 1036) = D 02651","Dalmatia","Ivosevci / Burnum","Burnum","-20","9","milites;  tituli sepulcrales;  tria nomina;  viri","Sal(vius) Frebranus T(iti) f(ilius) / Quir(ina) Baculus has(tatus) / pri(or) leg(ionis) XX","Salvius Frebranus Titi filius Quirina Baculus hastatus prior legionis XX","44.0160408","16.0072244"
"EDCS-28300167","CIL 03, 02838","Dalmatia","Ivosevci / Burnum","Burnum","1","150","liberti/libertae;  milites;  tituli sepulcrales;  tria nomina;  viri","]I[3]VV / Naev[3] / Q(uinti) lib(erti) Primi / Q(uintus) Naevius C(ai) / [f(ilius)] Vol(tinia) / Ponticus signif(er)","I VV Naev Quinti liberti Primi Quintus Naevius Cai filius Voltinia Ponticus signifer","44.0160408","16.0072244"
"EDCS-28300168","CIL 03, 02839","Dalmatia","Ivosevci / Burnum","Burnum","42","69","milites;  praenomen et nomen;  tituli sepulcrales;  tria nomina;  viri","Q(uintus) Valerius / Q(uinti) f(ilius) Ani(ensi) Niger / domo Foro / Iu[l]i vet(eranus) leg(ionis) X[I] / C(laudiae) P(iae) F(idelis) ann(orum) XLV / stip(endiorum) XXIIII h(ic) s(itus) e(st) / t(estamento) f(ieri) i(ussit) C(aius) P(ontius) / et Q(uintus) Gussius [h(eredes) f(ecerunt)]","Quintus Valerius Quinti filius Aniensi Niger domo Foro Iuli veteranus legionis XI Claudiae Piae Fidelis annorum XLV stipendiorum XXIIII hic situs est testamento fieri iussit Caius Pontius et Quintus Gussius heredes fecerunt","44.0160408","16.0072244"
"EDCS-28300170","CIL 03, 02841","Dalmatia","Ivosevci / Burnum","Burnum","1","100","mulieres;  praenomen et nomen;  tituli sepulcrales;  tria nomina;  viri","Folnia A(uli) / [f(ilia)] S[pe]s Anni[a Spe]s / A(ulus) [F]olnius / parentes [p]os(uerunt)","Folnia Auli filia Spes Annia Spes Aulus Folnius parentes posuerunt","44.0160408","16.0072244"
"EDCS-30301398","CIL 03, 09898 = Liburnia 00138 = AE 1980, 00688","Dalmatia","Ivosevci / Burnum","Burnum","1","50","nomen singulare;  tituli sacri;  viri","Coranus / Iovi/l(a)e v(otum) s(olvit)","Coranus Iovilae votum solvit","44.0160408","16.0072244"
"EDCS-30301399","CIL 03, 09899 = Liburnia 00139","Dalmatia","Ivosevci / Burnum","Burnum","1","100","milites;  praenomen et nomen;  tituli sacri;  viri","Iovi O(ptimo) M(aximo) / T(itus) Fufisius sig(nifer?) / v(otum) s(olvit) l(ibens) m(erito)","Iovi Optimo Maximo Titus Fufisius signifer votum solvit libens merito","44.0160408","16.0072244"
"EDCS-30301400","CIL 03, 09900 = Liburnia 00140","Dalmatia","Ivosevci / Burnum","Burnum","1","100","praenomen et nomen;  tituli sacri;  viri","C(aius) Voc[conius(?)] / M(arci) f(ilius?) Iovi [","Caius Vocconius Marci filius Iovi","44.0160408","16.0072244"
"EDCS-31300272","CIL 03, 13250 (p 2328,13) = D 05968","Dalmatia","Ivosevci / Burnum","Burnum","88","96","ordo equester;  termini;  tria nomina;  viri","inte]r [p]ra/ta leg(ionis) [e]t fines / roboreti Fla(vi) / Marc(iani?) per Augu/stianum Belli/cum proc(uratorem) / Aug(usti)","inter prata legionis et fines roboreti Flavi Marciani per Augustianum Bellicum procuratorem Augusti","44.0160408","16.0072244"
"EDCS-31400326","CIL 03, 13251 (p 2328,114)","Dalmatia","Ivosevci / Burnum","Burnum","42","69","milites;  tituli sepulcrales;  tria nomina;  viri","L(ucius) Va[leri]us L(uci) f(ilius) / Vo[lt(inia) V]erus / dom(o) [Lu]co Au[g(usti)] / mi[l(es) leg(ionis)] VI[I] C(laudiae) P(iae) <F=B>(idelis) / ann(orum) [3]I stip(endiorum) / XVI h[(ic)] s[it(us)] e(st) / <t=I>(estamento) f(ieri) [i(ussit)] P(ublius) [A]nnius / Aqu[3] f(aciendum) c(uravit)","Lucius Valerius Luci filius Voltinia Verus domo Luco Augusti miles legionis VII Claudiae Piae Fidelis annorum I stipendiorum XVI hic situs est testamento fieri iussit Publius Annius Aqu faciendum curavit","44.0160408","16.0072244"
"EDCS-31400327","CIL 03, 13252","Dalmatia","Ivosevci / Burnum","Burnum","1","150","liberti/libertae;  tituli sepulcrales;  tria nomina;  viri","] Caerel<l=I>i[us] / [3] Q(uinti) lib(ertus) Palat(ina) / [3]icus domo [3] / [3 an]n(orum) [3]XXX h(ic) [s(itus) e(st)]","Caerellius Quinti libertus Palatina icus domo annorum XXX hic situs est","44.0160408","16.0072244"
"EDCS-29900060","CIL 03, 13263 (p 2328,15, 2328,114) = AE 1893, 00070","Dalmatia","Ivosevci / Burnum","Burnum","42","100","milites;  tituli sepulcrales;  tria nomina;  viri","Sub hac in/scriptione / M(arcus) Cupitius / M(arci) f(ilius) Pol(lia) / Paulus / Amasia / miles leg(ionis) / XI C(laudiae) P(iae) F(idelis) stip/endiorum / XVII Cupitius / Pol(l)io frater / faciundum / curavit","Sub hac inscriptione Marcus Cupitius Marci filius Pollia Paulus Amasia miles legionis XI Claudiae Piae Fidelis stipendiorum XVII Cupitius Pollio frater faciundum curavit","44.0160408","16.0072244"
"EDCS-30100695","CIL 03, 14321,16 = CIL 03, 14987,1 = ILJug-03, 02809","Dalmatia","Ivosevci / Burnum","Burnum","51","52","Augusti/Augustae;  ordo senatorius;  tituli operum;  tria nomina;  viri","[Ti(berius) Claudius Drusi] / f(ilius) Ca[es]ar Aug(ustus) G[erman(icus)] / pont[if]ex maximu[s tr(ibunicia) p(otestate) XI] / imp(erator) XX[3] co(n)s(ul) V censo[r p(ater) p(atriae)] / P(ublio) Ante[io R]ufo leg(ato) p[ro pr(aetore)] / [f(aciendum)] c(uravit)","Tiberius Claudius Drusi filius Caesar Augustus Germanicus pontifex maximus tribunicia potestate XI imperator XX consul V censor pater patriae Publio Anteio Rufo legato pro praetore faciendum curavit","44.0160408","16.0072244"
"EDCS-32700562","CIL 03, 14987 = Liburnia 00135","Dalmatia","Ivosevci / Burnum","Burnum","1","150","tituli sacri;  viri","]SV[3] / [3 v(otum?)] l(ibens?) s(olvit?) m(erito) / Nice[3] / [3 T]hallu[s","SV votum libens solvit merito Nice Thallus","44.0160408","16.0072244"
"EDCS-32700566","CIL 03, 14991","Dalmatia","Ivosevci / Burnum","Burnum","31","130","tituli sepulcrales;  tria nomina;  viri","Sex(tus) Antern(ius) / Q(uinti) f(ilius) Sca(ptia) / Severus domo / Flore[ntia","Sextus Anternius Quinti filius Scaptia Severus domo Florentia","44.0160408","16.0072244"
"EDCS-32700567","CIL 03, 14992 (p 2328,114) = Legio-VII 00079 = ZPE-197-269","Dalmatia","Ivosevci / Burnum","Burnum","1","150","milites;  tituli sepulcrales;  viri","Ant]onius / [3] Vienn[a 3] / [3 l]eg(ionis) VII[I Aug(ustae)] / [3] sti[p(endiorum)","Antonius Vienna legionis VIII Augustae stipendiorum","44.0160408","16.0072244"
"EDCS-32700568","CIL 03, 14993","Dalmatia","Ivosevci / Burnum","Burnum","1","150","milites;  tituli sepulcrales;  viri","C(aius) Av[3] / C(ai) f(ilius) Fa[3] / mil(es) leg(ionis) [3] / XXI h(ic) [s(itus) e(st)]","Caius Av Cai filius Fa miles legionis XXI hic situs est","44.0160408","16.0072244"
"EDCS-32700569","CIL 03, 14994 = AEA 2013/14, +00034","Dalmatia","Ivosevci / Burnum","Burnum","1","100","milites;  tituli sepulcrales;  tria nomina;  viri","] Caesius / [3]cla Secu/[ndu]s I(u)vav(o) mil(es) / [leg(ionis) 3 |(centuria)] Q(uinti) Liga/[ri","Caesius cla Secundus Iuvavo miles legionis centuria Quinti Ligari","44.0160408","16.0072244"
"EDCS-32700570","CIL 03, 14995","Dalmatia","Ivosevci / Burnum","Burnum","69","86","milites;  tituli sepulcrales;  tria nomina;  viri","P(ublio) Carsidi/o P(ubli) f(ilio) Gal(eria) / Calvo Lug(u)d(unensi) / aquilifero / leg(ionis) IIII F(laviae) F(irmae) ann(orum) / XLI stip(endiorum) XIIX / h(ic) s(itus) e(st)","Publio Carsidio Publi filio Galeria Calvo Lugudunensi aquilifero legionis IIII Flaviae Firmae annorum XLI stipendiorum XIIX hic situs est","44.0160408","16.0072244"
"EDCS-32700571","CIL 03, 14996 (p 2328,114) = AE 1900, 00045 = Barresi-2018, 00008","Dalmatia","Ivosevci / Burnum","Burnum","9","69","milites;  tituli sepulcrales;  tria nomina;  viri","L(ucius) Cicereiu[s 3] f(ilius) Ani(ensi) / [3] Fidus Arim(ino) [3] / [3] Cicerei Laevi p[rimipilaris(?)] / leg(ionis) XI [3 et(?)] / [3] Cicerei Ascan[i primipila]ris leg(ionis) XI vi[vus fecit(?)]","Lucius Cicereius filius Aniensi Fidus Arimino Cicerei Laevi primipilaris legionis XI et Cicerei Ascani primipilaris legionis XI vivus fecit","44.0160408","16.0072244"
"EDCS-32700572","CIL 03, 14997 (p 2328,114) = CBI 00450","Dalmatia","Ivosevci / Burnum","Burnum","42","69","milites;  tituli sepulcrales;  tria nomina;  viri","C(aius) Coccius / C(ai) f(ilius) Vetur(ia) / [T]ertius Plac(entia) / mil(es) leg(ionis) XI C(laudiae) P(iae) F(idelis) / stip(endiorum) XII |(centuria) Caecil(i) / Sabini benef(iciarius) / tribuni / [h(eres)] f(aciendum) c(uravit)","Caius Coccius Cai filius Veturia Tertius Placentia miles legionis XI Claudiae Piae Fidelis stipendiorum XII centuria Caecili Sabini beneficiarius tribuni heres faciendum curavit","44.0160408","16.0072244"
"EDCS-32700573","CIL 03, 14997,1 (p 2328,114)","Dalmatia","Ivosevci / Burnum","Burnum","42","69","milites;  tituli sepulcrales;  viri","] / XIII[3] / Q(uinto) Com[agio 1 f(ilio)] / Ani(ensi) Cre[mona 3] / mil(iti) leg(ionis) XI [Cl(audiae) P(iae) F(elicis) ann(orum)] / XXIIX stip(endiorum) [3] / h(ic) s(itus) (e)s(t?) fr(ater) f[ac(iendum) cur(avit)]","XIII Quinto Comagio filio Aniensi Cremona militi legionis XI Claudiae Piae Felicis annorum XXIIX stipendiorum hic situs est frater faciendum curavit","44.0160408","16.0072244"
"EDCS-32700574","CIL 03, 14998 (p 2328,114)","Dalmatia","Ivosevci / Burnum","Burnum","42","69","milites;  tituli sepulcrales;  tria nomina;  viri","C(aius) Fabricius C(ai) f(ilius) Ouf(entina) Pri/mus Como miles / leg(ionis) XI C(laudiae) P(iae) F(idelis) |(centuria) Gemini / Flavi stip(endiorum) XX / ann(orum) XXXVIII / testame(nto) / f(ieri) iussit her(es) / faci<e=V>ndum curavit","Caius Fabricius Cai filius Oufentina Primus Como miles legionis XI Claudiae Piae Fidelis centuria Gemini Flavi stipendiorum XX annorum XXXVIII testamento fieri iussit heres faciendum curavit","44.0160408","16.0072244"
"EDCS-32700575","CIL 03, 14999 (p 2328,114)","Dalmatia","Ivosevci / Burnum","Burnum","42","69","milites;  tituli sepulcrales;  tria nomina;  viri","L(ucius) Flavius / L(uci) f(ilius) Fab(ia) Vale/ns Heracle/a mil(es) leg(ionis) XI C(laudiae) P(iae) F(idelis) / |(centuria) Iuli Prisci an(norum) / XLII stip(endiorum) XXII / |(centuria) Iuli Prisci(!) / h(eres) f(aciendum) c(uravit)","Lucius Flavius Luci filius Fabia Valens Heraclea miles legionis XI Claudiae Piae Fidelis centuria Iuli Prisci annorum XLII stipendiorum XXII centuria Iuli Prisci heres faciendum curavit","44.0160408","16.0072244"
"EDCS-31200486","CIL 03, 15001 (p 2328,114) = AE 1900, 00044","Dalmatia","Ivosevci / Burnum","Burnum","9","69","milites;  praenomen et nomen;  tituli sepulcrales;  viri","P(ublius) Gosseli/us Q(uinti) f(ilius) An(i)e(nsi) / Cre(mona) mil(es) leg(ionis) / XI sig(nifer) an(n)or(um) / XL st(ipendiorum) XIIII / h(ic) s(itus) e(st)","Publius Gosselius Quinti filius Aniensi Cremona miles legionis XI signifer annorum XL stipendiorum XIIII hic situs est","44.0160408","16.0072244"
"EDCS-04600017","CIL 05, 00542 = CIL 03, *00394,8 = InscrIt-10-04, 00047 = ZPE-199-231 = AE 1999, +01233 = AE 1999, 01238","Dalmatia","Ivosevci / Burnum","Burnum","76","100","milites;  tituli sepulcrales;  tria nomina;  viri","Q(uinto) Iulio An[i(ensi)] / Felici mil(iti) / [l]eg(ionis) IIII F(laviae) F(elicis) / [an]n(orum) X[L] sti(pendiorum) XIIX / [t(estamento)] f(ieri) i(ussit) / [Q(uintus) Iuli]us Se[verus(?)]","Quinto Iulio Aniensi Felici militi legionis IIII Flaviae Felicis annorum XL stipendiorum XIIX testamento fieri iussit Quintus Iulius Severus","44.0160408","16.0072244"
"EDCS-55100445","FRMEC p 141 = AE 2009, 01032 = AE 2012, +01108 = EAOR-09, 00027","Dalmatia","Ivosevci / Burnum","Burnum","76","77","Augusti/Augustae;  tituli operum;  viri","Imp(erator) Caesar Vespasianus Aug(ustus) pont(ifex) max(imus) / trib(unicia) pot(estate) VIII imp(erator) XVIII p(ater) p(atriae)","Imperator Caesar Vespasianus Augustus pontifex maximus tribunicia potestate VIII imperator XVIII pater patriae","44.0160408","16.0072244"
"EDCS-10000846","ILJug-02, 00834","Dalmatia","Ivosevci / Burnum","Burnum","1","150","milites;  tituli sepulcrales;  tria nomina;  viri","P(ublius) Ceri[sius(?)] / P(ubli) f(ilius) Sab(atina) I[3] / Fa() mil(es) [3] ann(orum) XL [stip(endiorum)","Publius Cerisius Publi filius Sabatina I Fa miles annorum XL stipendiorum","44.0160408","16.0072244"
"EDCS-10000847","ILJug-02, 00835 = ZPE-197-270","Dalmatia","Ivosevci / Burnum","Burnum","41","69","milites;  tituli sepulcrales;  tria nomina;  viri","C(aius) Cottius C(ai) (!) Quiri(na) / Priscinus Aug(usto)ne(meto) / mil(es) leg(ionis) XI C(laudiae) P(iae) F(idelis) / stipendioru(m) XVI / annoru(m) XXXV / testamen(to) fier(i) iu/[ssit]","Caius Cottius Cai Quirina Priscinus Augustonemeto miles legionis XI Claudiae Piae Fidelis stipendiorum XVI annorum XXXV testamento fieri iussit","44.0160408","16.0072244"
"EDCS-10000848","ILJug-02, 00836","Dalmatia","Ivosevci / Burnum","Burnum","42","69","milites;  tituli sepulcrales;  tria nomina;  viri","Q(uintus) Iulius Q(uinti) f(ilius) / Ouf(entina) Man/suetus Co/mo miles / leg(ionis) XI C(laudiae) P(iae) F(idelis) / ann(orum) XXXV stip(endiorum) / XIIII t(estamento) f(ieri) i(ussit) Q(uintus) Iul(ius) / Annius mil(es) leg(ionis) / eiusd(em) fratri p(ientissimo) f(aciendum) c(uravit)","Quintus Iulius Quinti filius Oufentina Mansuetus Como miles legionis XI Claudiae Piae Fidelis annorum XXXV stipendiorum XIIII testamento fieri iussit Quintus Iulius Annius miles legionis eiusdem fratri pientissimo faciendum curavit","44.0160408","16.0072244"
"EDCS-10000849","ILJug-02, 00837","Dalmatia","Ivosevci / Burnum","Burnum","42","69","milites;  tituli sepulcrales;  tria nomina;  viri","L(ucius) Laberius / L(uci) f(ilius) Firmus tr/i(bu) Clau(dia) domo / F[o]ro Claudi / mile(s) leg(ionis) XI / [C(laudiae) P(iae)] F(idelis) [annor(um)] XXXV / [stip(endiorum)] XIIII / [h(ic) s(itus)] e(st) / T(itus) Talo[n]ius Sec[un(dus)] / t(estamento) f(ieri) i(ussit)","Lucius Laberius Luci filius Firmus tribu Claudia domo Foro Claudi miles legionis XI Claudiae Piae Fidelis annorum XXXV stipendiorum XIIII hic situs est Titus Talonius Secundus testamento fieri iussit","44.0160408","16.0072244"
"EDCS-10000850","ILJug-02, 00838","Dalmatia","Ivosevci / Burnum","Burnum","42","69","milites;  tituli sepulcrales;  tria nomina;  viri","L(ucius) Magnus / L(uci) (!) Fabia / Cleme(n)s Tavia / mil(es) leg(ionis) XI C(laudiae) P(iae) F(idelis) / optio sti(pendiorum) XI an(norum) XXX pos(uit) / L(ucius) Salvius / Clemens frater","Lucius Magnus Luci Fabia Clemens Tavia miles legionis XI Claudiae Piae Fidelis optio stipendiorum XI annorum XXX posuit Lucius Salvius Clemens frater","44.0160408","16.0072244"
"EDCS-10000851","ILJug-02, 00839","Dalmatia","Ivosevci / Burnum","Burnum","42","69","milites;  tituli sepulcrales;  tria nomina;  viri","Q(uintus) Satrius / Q(uinti) (!) Publilia / Martialis Ver(ona) / mil(es) leg(ionis) XI C(laudiae) P(iae) F(idelis) / ann(orum) XXXIIII / stip(endiorum) XIIII","Quintus Satrius Quinti Publilia Martialis Verona miles legionis XI Claudiae Piae Fidelis annorum XXXIIII stipendiorum XIIII","44.0160408","16.0072244"
"EDCS-10000852","ILJug-02, 00840 = AE 1979, 00446","Dalmatia","Ivosevci / Burnum","Burnum","42","69","milites;  tituli sepulcrales;  tria nomina;  viri","Dis Ma(nibus) / Ter(ti) Anto(ni) / Ter(ti) f(ili) Pol(lia) Rufi / Par(ma) mil(itis) leg(ionis) XI / C(laudiae) P(iae) F(idelis) stip(endiorum) XVI","Dis Manibus Terti Antoni Terti fili Pollia Rufi Parma militis legionis XI Claudiae Piae Fidelis stipendiorum XVI","44.0160408","16.0072244"
"EDCS-10000853","ILJug-02, 00841","Dalmatia","Ivosevci / Burnum","Burnum","1","71","milites;  nomen singulare;  tituli sepulcrales;  viri","Baccus Staumi / f(ilius) Fab(ia) domo / Brixia miles / coh(ortis) Monta/norum ann(orum) XXVI stip(endiorum) IIII / h(ic) s(itus) e(st) / t(estamento) f(ieri) i(ussit)","Baccus Staumi filius Fabia domo Brixia miles cohortis Montanorum annorum XXVI stipendiorum IIII hic situs est testamento fieri iussit","44.0160408","16.0072244"
"EDCS-10000854","ILJug-02, 00842","Dalmatia","Ivosevci / Burnum","Burnum","1","50","milites;  nomen singulare;  tituli sepulcrales;  viri","Heras Ennom/ai f(ilius) mil(es) c(oh)or(tis) II / Cyrr(hestarum) do(mo) Cyr(rh)o / ann(orum) L sti(pendiorum) XXII / h(ic) s(itus) e(st) / [Heb]raeus Ab/emmi f(ilius) (h)er(es) pos(uit)","Heras Ennomai filius miles cohortis II Cyrrhestarum domo Cyrrho annorum L stipendiorum XXII hic situs est Hebraeus Abemmi filius heres posuit","44.0160408","16.0072244"
"EDCS-10000855","ILJug-02, 00843 = ZPE-199-235 = AE 1971, 00299","Dalmatia","Ivosevci / Burnum","Burnum","6","41","milites;  nomen singulare;  tituli sepulcrales;  viri","Imerix Servofr/edi f(ilius) Batav<u=O>s / eq(ues) ala / Hispano(rum) / [a]nnor(um) XXVIII / stip(endiorum) VIII / [h(ic)] s(itus) e(st)","Imerix Servofredi filius Batavus eques ala Hispanorum annorum XXVIII stipendiorum VIII hic situs est","44.0160408","16.0072244"
"EDCS-10000858","ILJug-02, 00846 = AE 1992, 01379","Dalmatia","Ivosevci / Burnum","Burnum","1","100","mulieres;  nomen singulare;  praenomen et nomen;  tituli sepulcrales;  tria nomina;  viri","T(ito) Queresio Aet(oris) f(ilio) patr[i] / Volusiae M(arci) f(iliae) Aet(riae?) mat[ri] / Queresiae T(iti) f(iliae) Max(imae) sor[ori] / Queresiae T(iti) f(iliae) Tertiae so[rori] / C(aius) Volusius Max(imus) h(eres) f(aciundum) c(uravit)","Tito Queresio Aetoris filio patri Volusiae Marci filiae Aetriae matri Queresiae Titi filiae Maximae sorori Queresiae Titi filiae Tertiae sorori Caius Volusius Maximus heres faciundum curavit","44.0160408","16.0072244"
"EDCS-10000859","ILJug-02, 00847","Dalmatia","Ivosevci / Burnum","Burnum","1","50","liberti/libertae;  mulieres;  nomen singulare;  praenomen et nomen;  tituli sepulcrales;  tria nomina;  viri","C(aius) Virius C(ai) l(ibertus) / Vitalis annor(um) / VI h(ic) s(itus) e(st) / C(aius) Virius et Neuma / mater posuere","Caius Virius Cai libertus Vitalis annorum VI hic situs est Caius Virius et Neuma mater posuere","44.0160408","16.0072244"
"EDCS-10000861","ILJug-02, 00849","Dalmatia","Ivosevci / Burnum","Burnum","1","150","tituli operum;  viri","] L(ucius) Fun[3] / [3] Q(uintus?) Fabi[","Lucius Fun Quintus Fabi","44.0160408","16.0072244"
"EDCS-10000862","ILJug-02, 00850","Dalmatia","Ivosevci / Burnum","Burnum","1","150","tituli sepulcrales;  viri","L(ucius) Mart[3] / f(ilius) anno[rum 3] / L(ucius?) Olstiu[3] / fecit [","Lucius Mart filius annorum Lucius Olstiu fecit","44.0160408","16.0072244"
"EDCS-10000863","ILJug-02, 00852 = AE 1971, 00300","Dalmatia","Ivosevci / Burnum","Burnum","71","80","nomen singulare;  tituli sepulcrales;  viri","]azicico / [3] et Apulo / [3]co Aetoris f(ilio) / [he]res","azicico et Apulo co Aetoris filio heres","44.0160408","16.0072244"
"EDCS-10000866","ILJug-02, 00855","Dalmatia","Ivosevci / Burnum","Burnum","1","150","tituli sepulcrales;  viri","]eziu[s] / [3 si]bi et / [3 posu]it","ezius sibi et posuit","44.0160408","16.0072244"
"EDCS-10101837","ILJug-03, 02810","Dalmatia","Ivosevci / Burnum","Burnum","50","50","Augusti/Augustae;  milites;  ordo senatorius;  tituli operum;  tria nomina;  viri","[Ti(berius) Claudius Drusi] / [f(ilius) Caesar Aug(ustus) German(icus)] / [pontif(ex) maximus tr(ibunicia) p(otestate) X] / [co(n)s(ul) IIII] imp(erator) XXI p(ater) p(atriae) c[ensor] / [P(ublio) A]nteio Ru[fo leg(ato)] / [Aug(usti) pr(o) p]r(aetore) le[g(io) XI C(laudia) P(ia) F(idelis)]","Tiberius Claudius Drusi filius Caesar Augustus Germanicus pontifex maximus tribunicia potestate X consul IIII imperator XXI pater patriae censor Publio Anteio Rufo legato Augusti pro praetore legio XI Claudia Pia Fidelis","44.0160408","16.0072244"
"EDCS-10101838","ILJug-03, 02811","Dalmatia","Ivosevci / Burnum","Burnum","9","69","milites;  praenomen et nomen;  tituli sepulcrales;  viri","Ter(tius) Baebius C(ai) f(ilius) Sca(ptia) domo Florentia ann(orum) XXXV stip(endiorum) XVII mil(es) leg(ionis) XI cornicen","Tertius Baebius Cai filius Scaptia domo Florentia annorum XXXV stipendiorum XVII miles legionis XI cornicen","44.0160408","16.0072244"
"EDCS-10101839","ILJug-03, 02812 = AE 1903, 00303 = AE 1925, 00131","Dalmatia","Ivosevci / Burnum","Burnum","42","69","milites;  tituli sepulcrales;  tria nomina;  viri","L(ucius) Bodlius L(uci) f(ilius) / Pol(lia) Genialis / Pollent(ia) mil(es) / leg(ionis) XI C(laudiae) P(iae) F(idelis) / |(centuria) Iuli Secundi / ann(orum) XXX stip(endiorum) X / h(eres) f(aciendum) c(uravit)","Lucius Bodlius Luci filius Pollia Genialis Pollentia miles legionis XI Claudiae Piae Fidelis centuria Iuli Secundi annorum XXX stipendiorum X heres faciendum curavit","44.0160408","16.0072244"
"EDCS-10101840","ILJug-03, 02814 = Gummerus-01, 00399 = AE 1903, 00376","Dalmatia","Ivosevci / Burnum","Burnum","42","69","milites;  tituli sepulcrales;  tria nomina;  viri","S]atr[ius] / [3] Cam(ilia) Rufus / Ravenna miles / leg(ionis) XI C(laudiae) P(iae) F(idelis) / |(centuria) Fabrici Veri / ann(orum) XXXIII stip(endiorum) XV / t(estamento) f(ieri) i(ussit) / C(aius) Muscius Maternus / et / C(aius) Asuvius Crescens / her(edes) f(aciendum) c(uraverunt)","Satrius Camilia Rufus Ravenna miles legionis XI Claudiae Piae Fidelis centuria Fabrici Veri annorum XXXIII stipendiorum XV testamento fieri iussit Caius Muscius Maternus et Caius Asuvius Crescens heredes faciendum curaverunt","44.0160408","16.0072244"
"EDCS-10101842","ILJug-03, 02817","Dalmatia","Ivosevci / Burnum","Burnum","1","100","milites;  tituli sepulcrales;  tria nomina;  viri","]io P(ubli) / [f(ilio) 3]sso do/[mo(?) 3 s]ignif(er) / [3] stip(endiorum) XXIII / [3]ola / [3]io / [","io Publi filio sso domo signifer stipendiorum XXIII ola io","44.0160408","16.0072244"
"EDCS-10101843","ILJug-03, 02818","Dalmatia","Ivosevci / Burnum","Burnum","31","70","milites;  tituli sepulcrales;  tria nomina;  viri","[S]ex(tus) Valeri[u]s Sex(ti) filius V(o)ltinia [L]uci[n]us(?) [V]iana miles [l]eg(ionis) VIII Aug(ustae) |(centuria) Terent(i) Iuliani vixit an(n)is XXIX miles an(n)is [V]IIII(?)","Sextus Valerius Sexti filius Voltinia Lucinus Viana miles legionis VIII Augustae centuria Terenti Iuliani vixit annis XXIX miles annis VIIII","44.0160408","16.0072244"
"EDCS-10101844","ILJug-03, 02819","Dalmatia","Ivosevci / Burnum","Burnum","1","100","milites;  tituli sepulcrales;  tria nomina;  viri","C(aius) Vatern(ius) / C(ai) f(ilius) Lem(onia) / Aprio Bon(onia) / stipe(ndiorum) XIX / h(eres) f(aciendum) c(uravit)","Caius Vaternius Cai filius Lemonia Aprio Bononia stipendiorum XIX heres faciendum curavit","44.0160408","16.0072244"
"EDCS-10101845","ILJug-03, 02820 = AE 1925, 00132","Dalmatia","Ivosevci / Burnum","Burnum","1","50","milites;  nomen singulare;  tituli sepulcrales;  viri","Dacnas / Apsaei f(ilius) / mil(es) <c=G>oh(ortis) II / Cyrrhestaru(m) / domo Berea / ann(orum) L stip(endiorum) XXIV / h(ic) s(itus) e(st)","Dacnas Apsaei filius miles cohortis II Cyrrhestarum domo Berea annorum L stipendiorum XXIV hic situs est","44.0160408","16.0072244"
"EDCS-69000085","ZPE-199-236","Dalmatia","Ivosevci / Burnum","Burnum","6","41","milites;  tituli sepulcrales;  viri","]us / [3]uri f(ilius) equ[es] / [ala(e) Hisp(anorum)] Batav(u)s [","us uri filius eques alae Hispanorum Batavus","44.0160408","16.0072244"
"EDCS-55701992","AE 2009, 01033","Dalmatia","Karlovac / Karlstadt / Burnum","Burnum","71","80","milites;  nomen singulare;  tituli fabricationis","|(Centuria) Pompei","Centuria Pompei","45.4892522","15.5486303"
"EDCS-55701993","AE 2009, 01034","Dalmatia","Karlovac / Karlstadt / Burnum","Burnum","31","70","milites;  tituli sepulcrales;  tria nomina;  viri","L(ucius) Mar(cius?) Ion / f(ilius) miles co/h(ortis) Cyrr(h)es(tarum) / domo Be[roea] / ann(orum) L stip(endiorum) XV / h(ic) s(itus) e(st) t(estamento) f(ieri) i(ussit)","Lucius Marcius Ion filius miles cohortis Cyrrhestarum domo Beroea annorum L stipendiorum XV hic situs est testamento fieri iussit","45.4892522","15.5486303"
"EDCS-30301402","CIL 03, 09902 = Liburnia 00153","Dalmatia","Kistanje / Burnum","Burnum","1","150","tituli sacri;  tria nomina;  viri","C(aius) Atilius / Macedo / v(otum) s(olvit)","Caius Atilius Macedo votum solvit","43.9814264","15.9653321"
"EDCS-30600030","CIL 03, 06419 (p 2328,114) = CIL 03, 09897 = Hernandez-01, 00036","Dalmatia","Knin / Burnum","Burnum","42","69","milites;  tituli sepulcrales;  tria nomina;  viri","M(arcus) Vallius M(arci) f(ilius) / Qui(rina) Maurinus / [Seg(ontia) mi]l(es) leg(ionis) / [XI C(laudiae) P(iae) F(idelis)] / [|(centuria) Val(eri) Postumi] / [ann(orum) XXXII] / [stip(endiorum) XII h(ic) s(itus) e(st)] / [h(eres) f(aciendum) c(uravit)]","Marcus Vallius Marci filius Quirina Maurinus Segontia miles legionis XI Claudiae Piae Fidelis centuria Valeri Postumi annorum XXXII stipendiorum XII hic situs est heres faciendum curavit","44.040850","16.199433"
"EDCS-30600031","CIL 03, 06420","Dalmatia","Knin / Burnum","Burnum","1","150","liberti/libertae;  mulieres;  tituli sepulcrales;  tria nomina;  viri","Sex(ti) Saeni[3] / l(iberti) Hermero[ti] / ann(orum) LXX Saen[ia] / Campana mar[ito] / suo pos(uit) et [sibi] / h(ic) s(itus) [e(st)]","Sexti Saeni liberti Hermeroti annorum LXX Saenia Campana marito suo posuit et sibi hic situs est","44.040850","16.199433"
"EDCS-30301403","CIL 03, 09903 (p 1475, 2328,12)","Dalmatia","Knin / Burnum","Burnum","42","100","milites;  tituli sepulcrales;  tria nomina;  viri","] / T(ito) Loll[io(?)] / T(iti) f(ilio) Clau(dia) / Tarviso / mil(iti) leg(ionis) / XI C(laudiae) P(iae) F(idelis) / h(ic) s(itus) e(st)","Tito Lollio Titi filio Claudia Tarviso militi legionis XI Claudiae Piae Fidelis hic situs est","44.040850","16.199433"
"EDCS-30301404","CIL 03, 09904 (p 1475) = CIL 03, 14321,03","Dalmatia","Knin / Burnum","Burnum","42","100","milites;  tituli sepulcrales;  tria nomina;  viri","] C(aius) Sem[2]ius(?) / C(ai) f(ilius) Trom(entina) Se/[3]us Aq(uis) Sta[tiellis] / [3 l]eg(ionis) XI C(laudiae) P(iae) F(idelis) / [3 sign]ifer(?) [","Caius Semius Cai filius Tromentina Se us Aquis Statiellis legionis XI Claudiae Piae Fidelis signifer","44.040850","16.199433"
"EDCS-30301405","CIL 03, 09906 (p 1475) = CIL 03, 14321,04","Dalmatia","Knin / Burnum","Burnum","42","100","milites;  praenomen et nomen;  tituli sepulcrales;  viri","]ERT/VLI[3]S Novar(ia) / mi[les] leg(ionis) XI C(laudiae) P(iae) F(idelis) / |(centuria) Cai Verecun(di) / an(norum) XXIIX stip(endiorum) / XXII[3]II[","ERTVLI S Novaria miles legionis XI Claudiae Piae Fidelis centuria Cai Verecundi annorum XXIIX stipendiorum XXII II","44.040850","16.199433"
"EDCS-30301406","CIL 03, 09908 (p 1475, 2328,13)","Dalmatia","Knin / Burnum","Burnum","9","42","milites;  tituli sepulcrales;  viri","]II / [3 mil(iti)] leg(ionis) XI / [tess]erar(io) / [3] corni/[culario] leg(ati) Aug(usti) / [3] pio [","II militi legionis XI tesserario corniculario legati Augusti pio","44.040850","16.199433"
"EDCS-30301407","CIL 03, 09909 (p 2328,114) = CIL 03, 14321,06","Dalmatia","Knin / Burnum","Burnum","11","100","milites;  tituli sepulcrales;  viri","]I[3] / [3]O f(ilio) Sca[ptia 3] / [3]us Flore[ntia 3] / [3 m]il(es) leg(ionis) XXI [","I O filio Scaptia us Florentia miles legionis XXI","44.040850","16.199433"
"EDCS-30301410","CIL 03, 09911 = CIL 03, 14321,08","Dalmatia","Knin / Burnum","Burnum","1","100","tituli sepulcrales","L]icin[3] / [3]MACR[3] / [3] stip(endiorum) X[","Licin MACR stipendiorum X","44.040850","16.199433"
"EDCS-30301422","CIL 03, 09923e","Dalmatia","Knin / Burnum","Burnum","1","150","tituli sepulcrales","]CII / [3]III h(oc?) f(aciendum?) c(uravit?)","CII III hoc faciendum curavit","44.040850","16.199433"
"EDCS-30301427","CIL 03, 09924c (p 2328,13)","Dalmatia","Knin / Burnum","Burnum","1","150","tituli sepulcrales","]FA[3] / [3 an]n(orum) XXXV [3] / [3]F T() M() [","FA annorum XXXV F T M","44.040850","16.199433"
"EDCS-32300039","CIL 03, 14321,13 (p 2328,114) = CIL 03, 15000 = AE 1899, 00054","Dalmatia","Knin / Burnum","Burnum","9","69","milites;  tituli sepulcrales;  tria nomina;  viri","Q(uintus) Gavius / Q(uinti) f(ilius) Arn(ensi) / Optatus / domo Brixel(lo) / mil(es) leg(ionis) XI / an(norum) XXXIII / stip(endiorum) XIII h(ic) s(itus) e(st)","Quintus Gavius Quinti filius Arnensi Optatus domo Brixello miles legionis XI annorum XXXIII stipendiorum XIII hic situs est","44.040850","16.199433"
"EDCS-32300042","CIL 03, 14321,18","Dalmatia","Knin / Burnum","Burnum","10","17","tituli honorarii","] Corn[3] / [3]CE[","Corn CE","44.040850","16.199433"
"EDCS-32300043","CIL 03, 14321,19 (p 2328,114, 2328,161)","Dalmatia","Knin / Burnum","Burnum","42","69","milites;  tituli sepulcrales;  tria nomina;  viri","]LLI[3] / [V]aleriani / mil(es) leg(ionis) XI / C(laudiae) P(iae) F(idelis) / ann(orum) XXXVII","LLI Valeriani miles legionis XI Claudiae Piae Fidelis annorum XXXVII","44.040850","16.199433"
"EDCS-30600566","CIL 03, 06364 = CIL 03, 08488 = Legio-VII 00017","Dalmatia","Ljubuski / Mlade / Bigeste","Bigeste","1","40","milites;  praenomen et nomen;  tituli sepulcrales;  viri","L(ucius) Herenni/us L(uci) f(ilius) Pap(iria) / M<y=U>liade / vet(eranus) leg(ionis) VII / an(norum) LX sti(pendiorum) / XXX h(ic) s(itus) e(st)","Lucius Herennius Luci filius Papiria Myliade veteranus legionis VII annorum LX stipendiorum XXX hic situs est","43.1904758","17.540558"
"EDCS-30600568","CIL 03, 06366 (p 2258) = CIL 03, 08491 = D 02582","Dalmatia","Ljubuski / Mlade / Bigeste","Bigeste","1","150","milites;  nomen singulare;  tituli sepulcrales;  viri","Primus Titi / f(ilius) tubicen do(mo) / Caturix mil(es) / coh(ortis) III Alp(inorum) / an(norum) XLIIX st/ip(endiorum) XXIII h(ic) s(itus) e(st) / t(estamento) f(ieri) i(ussit) L(ucius?) optio / et Tullius ve/ter(anus) h(eredes) p(osuerunt)","Primus Titi filius tubicen domo Caturix miles cohortis III Alpinorum annorum XLIIX stipendiorum XXIII hic situs est testamento fieri iussit Lucius optio et Tullius veteranus heredes posuerunt","43.1904758","17.540558"
"EDCS-30600570","CIL 03, 06368 = CIL 03, 08499","Dalmatia","Ljubuski / Mlade / Bigeste","Bigeste","1","150","nomen singulare;  praenomen et nomen;  servi/servae;  tituli sepulcrales;  viri","Mopsus / Sex(ti) Vari ser(vus) / annor(um) XIIX / hic situs / [","Mopsus Sexti Vari servus annorum XIIX hic situs","43.1904758","17.540558"
"EDCS-31900305","CIL 03, 08487 (p 1475) = Legio-VII 00011","Dalmatia","Ljubuski / Mlade / Bigeste","Bigeste","1","40","milites;  tituli sepulcrales;  tria nomina;  viri","L(ucius) Domitius L(uci) f(ilius) A<n=II>(iensi) / Aquila vet(eranus) leg(ionis) VII / domo Myliada(!) / stip(endiorum) XXXIII vi(vus) fe[c(it)] sib(i) / et C(aio) Domitio [L(uci) f(ilio)] A[n(iensi)] / [A]qui[l]ino mil(iti) [le]g(ionis) V[II] / stip(endiorum) XX h(onesta) m(issione) [m(isso) 3] / [6] / [6] / [3]A[3] / [3]V[3] fecit","Lucius Domitius Luci filius AnIiensi Aquila veteranus legionis VII domo Myliada stipendiorum XXXIII vivus fecit sibi et Caio Domitio Luci filio Aniensi Aquilino militi legionis VII stipendiorum XX honesta missione misso A V fecit","43.1904758","17.540558"
"EDCS-31400248","CIL 03, 12801","Dalmatia","Ljubuski / Mlade / Bigeste","Bigeste","1","150","liberti/libertae;  tria nomina;  viri","[L(ucius) V]alerius L(uci) l(ibertus) / Castor an(norum) XX / M(arcus) Valerius M(arci) l(ibertus) / Priscus an(norum) XII","Lucius Valerius Luci libertus Castor annorum XX Marcus Valerius Marci libertus Priscus annorum XII","43.1904758","17.540558"
"EDCS-29900118","CIL 03, 14021 (p 2328,178) = AE 1894, 00124","Dalmatia","Ljubuski / Mlade / Bigeste","Bigeste","71","150","milites;  sigilla impressa;  tituli fabricationis","Leg(io) IIII F(lavia) [F(elix)]","Legio IIII Flavia Felix","43.1904758","17.540558"
"EDCS-10000216","ILJug-01, 00113 = ILJug-01, 00114 = AE 1950, 00044 = CINar-02, 00058","Dalmatia","Ljubuski / Mlade / Bigeste","Bigeste","14","37","Augusti/Augustae;  milites;  tituli sacri;  viri","[Divo] Augusto et / [T]i(berio) Caes[a]ri Aug(usti) f(ilio) Aug(usto) / sa[cr]um / veterani pagi Scunastic(i) / quibus colonia Naronit(anorum) / agros dedit // Divo Augusto et / Ti(berio) Caesari Aug(usti) f(ilio) Aug(usto) / sacrum / veterani pagi Scunast(ici) / quibus colon(ia) Naronit(anorum) / agros dedit","Divo Augusto et Tiberio Caesari Augusti filio Augusto sacrum veterani pagi Scunastici quibus colonia Naronitanorum agros dedit Divo Augusto et Tiberio Caesari Augusti filio Augusto sacrum veterani pagi Scunastici quibus colonia Naronitanorum agros dedit","43.1904758","17.540558"
"EDCS-10000218","ILJug-01, 00115 = HistriaArch-2009-315 = AE 1950, 00109 = AE 2009, 01013","Dalmatia","Ljubuski / Mlade / Bigeste","Bigeste","1","100","milites;  nomen singulare;  tituli sepulcrales;  viri","Betulo Karo/nis f(ilius) domo / Eguius mil(es) / coh(ortis) III Alp(inorum) / an(norum) XL stip(endiorum) XXII / h(ic) s(itus) e(st) t(estamento) f(ieri) i(ussit) / Valerius sig(nifer) / h(eres) p(osuit)","Betulo Karonis filius domo Eguius miles cohortis III Alpinorum annorum XL stipendiorum XXII hic situs est testamento fieri iussit Valerius signifer heres posuit","43.1904758","17.540558"
"EDCS-10000219","ILJug-01, 00116 = Grbic 00189 = AE 1950, 00110","Dalmatia","Ljubuski / Mlade / Bigeste","Bigeste","1","100","milites;  tituli sepulcrales;  viri","[6] / equ(es) c(o)ho(rtis) III / Alpin(a)e domo / Vercianus an(norum) / XXXVIII stip(endiorum) XIII / t(estamento) f(ieri) i(ussit) h(eres) p(osuit) h(ic) s(itus) e(st)","eques cohortis III Alpinae domo Vercianus annorum XXXVIII stipendiorum XIII testamento fieri iussit heres posuit hic situs est","43.1904758","17.540558"
"EDCS-08901077","Legio-XV-Apo 00133 = AE 1979, 00444","Dalmatia","Ljubuski / Mlade / Bigeste","Bigeste","14","37","liberti/libertae;  milites;  nomen singulare;  praenomen et nomen;  viri","L(ucius) Gavius L(uci) f(ilius) Pub(lilia) Ve/rona vet(eranus) leg(ionis) XV se / vivo fecit / et M(arco) Gavio fratri / et liberto Hilaro","Lucius Gavius Luci filius Publilia Verona veteranus legionis XV se vivo fecit et Marco Gavio fratri et liberto Hilaro","43.1904758","17.540558"
"EDCS-56900036","OpuscArchZagreb-1997-89,23","Dalmatia","Ljubuski / Mlade / Bigeste","Bigeste","1","100","tituli sepulcrales;  viri","]I sibi et [3] / [3]ura Cla[3] / [3 Ma]rcelli [3 M]/artialis","I sibi et ura Cla Marcelli Martialis","43.1904758","17.540558"
"EDCS-30600027","CIL 03, 06416 (p 82, 2328,114) = CLE 00082","Dalmatia","Mokro Polje / Burnum","Burnum","9","69","carmina;  inscriptiones christianae;  milites;  praenomen et nomen;  tituli operum;  tituli sepulcrales;  viri","P(ublius) Fanniu[s] / Ani(ensi) Cremon(a) / eq(ues) leg(ionis) XI an(norum) / XXIX stip(endiorum) XII / h(ic) s(itus) e(st) f(rater?) f(ratri?) pos(uit) / hospes resiste et tumulum / contempla meum mora/[re gressu]m litteras nos/[tras lege] mando et ST/[3]S alter / [ // II legem [3]/tus aliqui [3] / facit titulum intuere / scriptum quo fato occidi / rumore sancto Il(l)yrici / iaceo in solo infunde / lacr<i=V>mas quisquis es / [3] misericors aetate / [3] ceciderunt mecum / [3] quo animo vive vitam / [3] fieri [ // OIAM / CNORIS AL / R quaedam / SADEMII / nomen in p(ace) / quorum // Prima NOC / vivo fieri / satis","Publius Fannius Aniensi Cremona eques legionis XI annorum XXIX stipendiorum XII hic situs est frater fratri posuit hospes resiste et tumulum contempla meum morare gressum litteras nostras lege mando et ST S alter II legem tus aliqui facit titulum intuere scriptum quo fato occidi rumore sancto Illyrici iaceo in solo infunde lacrimas quisquis es misericors aetate ceciderunt mecum quo animo vive vitam fieri OIAM CNORIS AL R quaedam SADEMII nomen in pace quorum Prima NOC vivo fieri satis","44.1009583","16.1106256"
"EDCS-30600026","CIL 03, 06415 = CIL 03, 09895","Dalmatia","Puljane / Pugliane / Burnum","Burnum","31","100","mulieres;  tituli sepulcrales;  tria nomina;  viri","Ti(berius) Claudius [3] / Ti(beri) <f=I>(ilius) Quadrat[us 3] / Clau(dio) Aequo[3] / ann(orum) XXXV s[ibi et] / Pelsoniae [3 f(iliae) Ter]/tullae uxo[ri] / t(estamento) f(ieri) i(ussit)","Tiberius Claudius Tiberi filius Quadratus Claudio Aequo annorum XXXV sibi et Pelsoniae filiae Tertullae uxori testamento fieri iussit","43.9743322","16.032173"
"EDCS-30600028","CIL 03, 06417 (p 2328,114) = ERZaragoza 00101 = Hernandez-01, 00035","Dalmatia","Strmca / Stermizza / Burnum","Burnum","42","69","milites;  tituli sepulcrales;  tria nomina;  viri","L(ucius) Icconius L(uci) f(ilius) / Ani(ensi) Surio Cae/saraug(usta) miles / leg(ionis) XI C(laudiae) P(iae) F(idelis) / [|(centuria)] Titi Silvani / stip(endiorum) XXIII t(estamento) f(ieri) i(ussit) / h(eres) f(aciendum) c(uravit)","Lucius Icconius Luci filius Aniensi Surio Caesaraugusta miles legionis XI Claudiae Piae Fidelis centuria Titi Silvani stipendiorum XXIII testamento fieri iussit heres faciendum curavit","45.8315229","14.1999864"
"EDCS-30600029","CIL 03, 06418 (p 2328,114) = CIL 03, 09896 = D 02259 = Grbic 00012","Dalmatia","Strmca / Stermizza / Burnum","Burnum","9","69","milites;  praenomen et nomen;  tituli operum;  tituli sepulcrales;  viri","A(ulus) Sentius A(uli) f(ilius) / Pom(ptina) Arreti(o) / vet(eranus) leg(ionis) XI h(ic) s(itus) e(st) t(estamento) f(ieri) i(ussit) / hic est occisus / finibus Varvari/norum in agello / secus Titum flu/men ad petram / longam f(aciendum) c(uravit) her(es) / Q(uintus) Calventius L(uci) f(ilius) Vitalis","Aulus Sentius Auli filius Pomptina Arretio veteranus legionis XI hic situs est testamento fieri iussit hic est occisus finibus Varvarinorum in agello secus Titum flumen ad petram longam faciendum curavit heres Quintus Calventius Luci filius Vitalis","45.8315229","14.1999864"
"EDCS-10000746","ILJug-02, 00733 = Legio-VII 00087","Dalmatia","Trilj / Tilurium","Tilurium","1","100","milites;  tituli sepulcrales;  viri","c]enturio le[g(ionis) VII","centurio legionis VII","43.617857","16.7286894"
"EDCS-10100883","ILJug-03, 01940","Dalmatia","Trilj / Tilurium","Tilurium","71","100","milites;  tituli sacri;  tria nomina;  viri","Silvano Aug(usto) / sac(rum) Iul(ius) Cass/ianus mil(es) coh(ortis) / [","Silvano Augusto sacrum Iulius Cassianus miles cohortis","43.617857","16.7286894"
"EDCS-10100891","ILJug-03, 01949 = Legio-VII 00014","Dalmatia","Trilj / Tilurium","Tilurium","1","50","praenomen et nomen;  tituli sepulcrales;  tria nomina;  viri","L(ucius) Fabius C(ai) f(ilius) / Serg(ia) Conana / ann(orum) XX[3] / h(ic) s(itus) [e(st)] / C(aius) Fabius pa[ter] / filio posuit","Lucius Fabius Cai filius Sergia Conana annorum XX hic situs est Caius Fabius pater filio posuit","43.617857","16.7286894"
"EDCS-10100892","ILJug-03, 01950 = CLE 01876 = Legio-VII 00020 = Grassl-2010a, p 145","Dalmatia","Trilj / Tilurium","Tilurium","1","40","carmina;  liberti/libertae;  milites;  nomen singulare;  tituli sacri;  tituli sepulcrales;  tria nomina;  viri","C(aius) Iulius C(ai) f(ilius) / Fab(ia) Ninica / mil(es) leg(ionis) VII / an(norum) XXXIX stip(endiorum) / XVII h(ic) s(itus) e(st) / hospes resis[te et] tumulum / contempla meum lege et / moratus iam scies quae / debeas vixi qua potui ca/rus sumo deorum hic su/m sepultus hic ossua re/quiescunt mea vale et / benefacito vitae dum fa/tum venit // Faustus l(ibertus) patrono","Caius Iulius Cai filius Fabia Ninica miles legionis VII annorum XXXIX stipendiorum XVII hic situs est hospes resiste et tumulum contempla meum lege et moratus iam scies quae debeas vixi qua potui carus sumo deorum hic sum sepultus hic ossua requiescunt mea vale et benefacito vitae dum fatum venit Faustus libertus patrono","43.617857","16.7286894"
"EDCS-10100893","ILJug-03, 01951","Dalmatia","Trilj / Tilurium","Tilurium","51","70","tituli sepulcrales;  tria nomina;  viri","]nius C(ai) f(ilius) / [3]s ann(orum) V h(ic) s(itus) e(st) / [3]iaii parens supre / [3] qui fatis CONCID / [3]eci [2] sine PVS / [3]NSS annus cui SCIDI / [3] miseris ipse patrem / [3]II mihi natura / [3] I / [","nius Cai filius s annorum V hic situs est iaii parens supre qui fatis CONCID eci sine PVS NSS annus cui SCIDI miseris ipse patrem II mihi natura I","43.617857","16.7286894"
"EDCS-10100894","ILJug-03, 01952 = Legio-VII 00084","Dalmatia","Trilj / Tilurium","Tilurium","31","70","milites;  tituli sepulcrales;  viri","]S C Pala/[tina(?) 3 leg(ionis)] VII / [","S C Palatina legionis VII","43.617857","16.7286894"
"EDCS-10100895","ILJug-03, 01953 = AE 1904, 00011","Dalmatia","Trilj / Tilurium","Tilurium","1","150","milites;  tituli sepulcrales;  tria nomina;  viri","Mebdius / Corvin[us] / mil(es) co[h(ortis)] X / pr[aet(oriae) Bracar]aug/us[ta] ann[orum] / XXV[II stip(endiorum)] / VII[I] h(ic) s(itus) e(st) / T(itus) [3] / F[eli]x he[r]es","Mebdius Corvinus miles cohortis X praetoriae Bracaraugusta annorum XXVII stipendiorum VIII hic situs est Titus Felix heres","43.617857","16.7286894"
"EDCS-03300743","Legio-VII 00006 = AE 1995, 01231","Dalmatia","Trilj / Tilurium","Tilurium","1","40","milites;  praenomen et nomen;  tituli sepulcrales;  viri","L(ucius) Attius <L=I>(uci) <f=E>(ilius) Sergi(a) / Augusta / an(norum) XXX st(ipendiorum) VIII / mil(es) leg(ionis) VII / h(ic) s(itus) es(t)","Lucius Attius Luci filius Sergia Augusta annorum XXX stipendiorum VIII miles legionis VII hic situs est","43.617857","16.7286894"
"EDCS-03300744","Legio-VII 00042 = AE 1995, 01232","Dalmatia","Trilj / Tilurium","Tilurium","1","42","carmina;  liberti/libertae;  milites;  nomen singulare;  praenomen et nomen;  tituli sepulcrales;  tria nomina;  viri","L(ucius) Mummius L(uci) / f(ilius) Fab(ia) Ancyra / miles leg(ionis) VII / ann(orum) XXXVI / stipend(iorum) XVI / h(ic) s(itus) e(st) // Arma bis octonis felicia qui tulit annis / hic situs est fato Mummius ipse suo / si sapiunt obiti data munera percipis am(pla) / et recipis nostrae pignus amicitiae / hoc tibi cum titulo posuit / Cornelius Chrestus / et dixit lachrymans sit tibi ter(r)a levis // M(arcus) Cornelius M(arci) l(ibertus) / Chrestus posuit","Lucius Mummius Luci filius Fabia Ancyra miles legionis VII annorum XXXVI stipendiorum XVI hic situs est Arma bis octonis felicia qui tulit annis hic situs est fato Mummius ipse suo si sapiunt obiti data munera percipis ampla et recipis nostrae pignus amicitiae hoc tibi cum titulo posuit Cornelius Chrestus et dixit lachrymans sit tibi terra levis Marcus Cornelius Marci libertus Chrestus posuit","43.617857","16.7286894"
"EDCS-55300298","Legio-VII 00040 = Dodig-2003, 00004","Dalmatia","Veljaci / Bigeste","Bigeste","42","100","tituli sepulcrales;  tria nomina;  viri","L(ucius) Marcilius / C(ai) [f(ilius) do]mo Pe/[ssin(unte?) 3 leg(ionis) V]II / C[l(audiae) P(iae) F(idelis) 3] / [6] / C(aius) M[arcilius(?)","Lucius Marcilius Cai filius domo Pessinunte legionis VII Claudiae Piae Fidelis Caius Marcilius","43.2362774","17.4433546"
"EDCS-14800173","AE 1999, 01232","Dalmatia","Vojnic Sinjski / Tilurium","Tilurium","70","86","milites;  sigilla impressa;  tituli fabricationis","Leg(ionis) IIII [F(laviae) F(elicis)]","Legionis IIII Flaviae Felicis","43.6138233","16.6948645"
"EDCS-14800172","Kurilic 00119 = AE 1999, 01231","Dalmatia","Vojnic Sinjski / Tilurium","Tilurium","1","100","liberti/libertae;  tituli sepulcrales;  tria nomina;  viri","L(ucius) Cusius / L(uci) l(ibertus) Ascani/us an(norum) XX h(ic) s(itus) e(st) / patronus posu/it bene merito","Lucius Cusius Luci libertus Ascanius annorum XX hic situs est patronus posuit bene merito","43.6138233","16.6948645"
"EDCS-14800171","Legio-VII 00001 = Kurilic 00118 = AE 1999, 01230","Dalmatia","Vojnic Sinjski / Tilurium","Tilurium","1","40","milites;  praenomen et nomen;  tituli sepulcrales;  tria nomina;  viri","L(ucius) Ancharenus Q(uinti) f(ilius) / Ser(gia) Laranda mil(es) / leg(ionis) VII ann(orum) XL stip(endiorum) XXI / h(ic) s(itus) e(st) / Q(uintus) Ancharenus haec tanquam / posuit tibi dona frater quia / longe a patria te cecidisse dolet / optaram vivo potius dare vina / me tib(i) non obito care ferenda / tuo si quicquam sentire potes / [pro te]mpore nostro damus haec / ostica sit tibi terra levis frater / fratri posuit","Lucius Ancharenus Quinti filius Sergia Laranda miles legionis VII annorum XL stipendiorum XXI hic situs est Quintus Ancharenus haec tanquam posuit tibi dona frater quia longe a patria te cecidisse dolet optaram vivo potius dare vina me tibi non obito care ferenda tuo si quicquam sentire potes pro tempore nostro damus haec ostica sit tibi terra levis frater fratri posuit","43.6138233","16.6948645"
